[2025-01-05 14:22:37.577] [info]  No state version found, assuming empty state.
[2025-01-05 14:22:37.786] [info]  Coredumps are disabled in renderer process
[2025-01-05 14:22:38.906] [info]  State version: 68
[2025-01-05 14:22:39.816] [info]  Self-host environment did not respond in time, emitting previous config.
[2025-01-05 14:22:40.060] [info]  Retrieving application id
[2025-01-05 14:22:56.957] [info]  Retrieving application id
[2025-01-05 14:23:11.476] [info]  Retrieving application id
[2025-01-05 14:23:12.093] [info]  Error: The name is not activatable
[2025-01-05 14:23:12.105] [info]  Error: The name is not activatable
[2025-01-05 14:23:12.114] [info]  Error: The name is not activatable
[2025-01-05 14:23:12.117] [error] SetAccessToken: storing encrypted access token in secure storage failed. Falling back to disk storage. Error: New Access token key unable to be retrieved from secure storage.
[2025-01-05 14:23:12.131] [info]  Error: The name is not activatable
[2025-01-05 14:23:12.140] [info]  Error: The name is not activatable
[2025-01-05 14:23:12.141] [error] SetRefreshToken: storing refresh token in secure storage failed. Falling back to disk storage. Error: Refresh token failed to save to secure storage.
[2025-01-05 14:23:12.254] [info]  Error: The name is not activatable
[2025-01-05 14:23:12.257] [info]  Error: The name is not activatable
[2025-01-05 14:23:12.272] [info]  Error: The name is not activatable
[2025-01-05 14:23:12.314] [info]  Error: The name is not activatable
[2025-01-05 14:23:12.324] [info]  Error: The name is not activatable
[2025-01-05 14:23:12.339] [info]  Error: The name is not activatable
[2025-01-05 14:23:12.372] [info]  Error: The name is not activatable
[2025-01-05 14:23:12.390] [info]  Error: The name is not activatable
[2025-01-05 14:23:12.596] [info]  Finished search indexing
[2025-01-05 14:23:12.978] [info]  Error: The name is not activatable
[2025-01-05 14:23:12.987] [info]  Error: The name is not activatable
[2025-01-05 14:23:12.994] [info]  Error: The name is not activatable
[2025-01-05 14:23:12.996] [error] SetAccessToken: storing encrypted access token in secure storage failed. Falling back to disk storage. Error: New Access token key unable to be retrieved from secure storage.
[2025-01-05 14:23:13.016] [info]  Error: The name is not activatable
[2025-01-05 14:23:13.022] [info]  Error: The name is not activatable
[2025-01-05 14:23:13.024] [error] SetRefreshToken: storing refresh token in secure storage failed. Falling back to disk storage. Error: Refresh token failed to save to secure storage.
[2025-01-05 14:23:13.036] [info]  Error: The name is not activatable
[2025-01-05 14:23:13.044] [info]  Error: The name is not activatable
[2025-01-05 14:23:13.907] [info]  Error: The name is not activatable
[2025-01-05 14:23:14.053] [info]  Error: The name is not activatable
[2025-01-05 14:23:14.066] [info]  Error: The name is not activatable
[2025-01-05 14:23:14.073] [info]  Error: The name is not activatable
[2025-01-05 14:23:14.436] [info]  Starting decryption using multithreading with 1 workers for 19 items
[2025-01-05 14:23:14.595] [info]  Finished decrypting 19 items using 1 workers
[2025-01-05 14:23:14.618] [info]  Finished search indexing
[2025-01-05 14:23:51.818] [info]  State version: 68
[2025-01-05 14:23:51.827] [info]  Migrator MinVersionMigrator (to version 3) should migrate: false - up
[2025-01-05 14:23:51.827] [info]  Migrator RemoveEverBeenUnlockedMigrator (to version 4) should migrate: false - up
[2025-01-05 14:23:51.828] [info]  Migrator AddKeyTypeToOrgKeysMigrator (to version 5) should migrate: false - up
[2025-01-05 14:23:51.828] [info]  Migrator RemoveLegacyEtmKeyMigrator (to version 6) should migrate: false - up
[2025-01-05 14:23:51.829] [info]  Migrator MoveBiometricAutoPromptToAccount (to version 7) should migrate: false - up
[2025-01-05 14:23:51.829] [info]  Migrator MoveStateVersionMigrator (to version 8) should migrate: false - up
[2025-01-05 14:23:51.829] [info]  Migrator MoveBrowserSettingsToGlobal (to version 9) should migrate: false - up
[2025-01-05 14:23:51.830] [info]  Migrator EverHadUserKeyMigrator (to version 10) should migrate: false - up
[2025-01-05 14:23:51.830] [info]  Migrator OrganizationKeyMigrator (to version 11) should migrate: false - up
[2025-01-05 14:23:51.830] [info]  Migrator MoveEnvironmentStateToProviders (to version 12) should migrate: false - up
[2025-01-05 14:23:51.831] [info]  Migrator ProviderKeyMigrator (to version 13) should migrate: false - up
[2025-01-05 14:23:51.831] [info]  Migrator MoveBiometricClientKeyHalfToStateProviders (to version 14) should migrate: false - up
[2025-01-05 14:23:51.831] [info]  Migrator FolderMigrator (to version 15) should migrate: false - up
[2025-01-05 14:23:51.831] [info]  Migrator LastSyncMigrator (to version 16) should migrate: false - up
[2025-01-05 14:23:51.832] [info]  Migrator EnablePasskeysMigrator (to version 17) should migrate: false - up
[2025-01-05 14:23:51.832] [info]  Migrator AutofillSettingsKeyMigrator (to version 18) should migrate: false - up
[2025-01-05 14:23:51.832] [info]  Migrator RequirePasswordOnStartMigrator (to version 19) should migrate: false - up
[2025-01-05 14:23:51.832] [info]  Migrator PrivateKeyMigrator (to version 20) should migrate: false - up
[2025-01-05 14:23:51.832] [info]  Migrator CollectionMigrator (to version 21) should migrate: false - up
[2025-01-05 14:23:51.833] [info]  Migrator CollapsedGroupingsMigrator (to version 22) should migrate: false - up
[2025-01-05 14:23:51.833] [info]  Migrator MoveBiometricPromptsToStateProviders (to version 23) should migrate: false - up
[2025-01-05 14:23:51.833] [info]  Migrator SmOnboardingTasksMigrator (to version 24) should migrate: false - up
[2025-01-05 14:23:51.833] [info]  Migrator ClearClipboardDelayMigrator (to version 25) should migrate: false - up
[2025-01-05 14:23:51.834] [info]  Migrator RevertLastSyncMigrator (to version 26) should migrate: false - up
[2025-01-05 14:23:51.834] [info]  Migrator BadgeSettingsMigrator (to version 27) should migrate: false - up
[2025-01-05 14:23:51.834] [info]  Migrator MoveBiometricUnlockToStateProviders (to version 28) should migrate: false - up
[2025-01-05 14:23:51.834] [info]  Migrator UserNotificationSettingsKeyMigrator (to version 29) should migrate: false - up
[2025-01-05 14:23:51.834] [info]  Migrator PolicyMigrator (to version 30) should migrate: false - up
[2025-01-05 14:23:51.835] [info]  Migrator EnableContextMenuMigrator (to version 31) should migrate: false - up
[2025-01-05 14:23:51.835] [info]  Migrator PreferredLanguageMigrator (to version 32) should migrate: false - up
[2025-01-05 14:23:51.835] [info]  Migrator AppIdMigrator (to version 33) should migrate: false - up
[2025-01-05 14:23:51.835] [info]  Migrator DomainSettingsMigrator (to version 34) should migrate: false - up
[2025-01-05 14:23:51.836] [info]  Migrator MoveThemeToStateProviderMigrator (to version 35) should migrate: false - up
[2025-01-05 14:23:51.836] [info]  Migrator VaultSettingsKeyMigrator (to version 36) should migrate: false - up
[2025-01-05 14:23:51.836] [info]  Migrator AvatarColorMigrator (to version 37) should migrate: false - up
[2025-01-05 14:23:51.836] [info]  Migrator TokenServiceStateProviderMigrator (to version 38) should migrate: false - up
[2025-01-05 14:23:51.836] [info]  Migrator MoveBillingAccountProfileMigrator (to version 39) should migrate: false - up
[2025-01-05 14:23:51.837] [info]  Migrator OrganizationMigrator (to version 40) should migrate: false - up
[2025-01-05 14:23:51.837] [info]  Migrator EventCollectionMigrator (to version 41) should migrate: false - up
[2025-01-05 14:23:51.837] [info]  Migrator EnableFaviconMigrator (to version 42) should migrate: false - up
[2025-01-05 14:23:51.837] [info]  Migrator AutoConfirmFingerPrintsMigrator (to version 43) should migrate: false - up
[2025-01-05 14:23:51.837] [info]  Migrator UserDecryptionOptionsMigrator (to version 44) should migrate: false - up
[2025-01-05 14:23:51.837] [info]  Migrator MergeEnvironmentState (to version 45) should migrate: false - up
[2025-01-05 14:23:51.838] [info]  Migrator DeleteBiometricPromptCancelledData (to version 46) should migrate: false - up
[2025-01-05 14:23:51.838] [info]  Migrator MoveDesktopSettingsMigrator (to version 47) should migrate: false - up
[2025-01-05 14:23:51.838] [info]  Migrator MoveDdgToStateProviderMigrator (to version 48) should migrate: false - up
[2025-01-05 14:23:51.838] [info]  Migrator AccountServerConfigMigrator (to version 49) should migrate: false - up
[2025-01-05 14:23:51.838] [info]  Migrator KeyConnectorMigrator (to version 50) should migrate: false - up
[2025-01-05 14:23:51.839] [info]  Migrator RememberedEmailMigrator (to version 51) should migrate: false - up
[2025-01-05 14:23:51.839] [info]  Migrator DeleteInstalledVersion (to version 52) should migrate: false - up
[2025-01-05 14:23:51.839] [info]  Migrator DeviceTrustServiceStateProviderMigrator (to version 53) should migrate: false - up
[2025-01-05 14:23:51.839] [info]  Migrator SendMigrator (to version 54) should migrate: false - up
[2025-01-05 14:23:51.840] [info]  Migrator MoveMasterKeyStateToProviderMigrator (to version 55) should migrate: false - up
[2025-01-05 14:23:51.840] [info]  Migrator AuthRequestMigrator (to version 56) should migrate: false - up
[2025-01-05 14:23:51.840] [info]  Migrator CipherServiceMigrator (to version 57) should migrate: false - up
[2025-01-05 14:23:51.840] [info]  Migrator RemoveRefreshTokenMigratedFlagMigrator (to version 58) should migrate: false - up
[2025-01-05 14:23:51.840] [info]  Migrator KdfConfigMigrator (to version 59) should migrate: false - up
[2025-01-05 14:23:51.840] [info]  Migrator KnownAccountsMigrator (to version 60) should migrate: false - up
[2025-01-05 14:23:51.841] [info]  Migrator PinStateMigrator (to version 61) should migrate: false - up
[2025-01-05 14:23:51.841] [info]  Migrator VaultTimeoutSettingsServiceStateProviderMigrator (to version 62) should migrate: false - up
[2025-01-05 14:23:51.841] [info]  Migrator PasswordOptionsMigrator (to version 63) should migrate: false - up
[2025-01-05 14:23:51.841] [info]  Migrator GeneratorHistoryMigrator (to version 64) should migrate: false - up
[2025-01-05 14:23:51.841] [info]  Migrator ForwarderOptionsMigrator (to version 65) should migrate: false - up
[2025-01-05 14:23:51.842] [info]  Migrator MoveFinalDesktopSettingsMigrator (to version 66) should migrate: false - up
[2025-01-05 14:23:51.842] [info]  Migrator RemoveUnassignedItemsBannerDismissed (to version 67) should migrate: false - up
[2025-01-05 14:23:51.842] [info]  Migrator MoveLastSyncDate (to version 68) should migrate: false - up
[2025-01-05 14:23:52.046] [info]  Coredumps are disabled in renderer process
[2025-01-05 14:23:53.178] [info]  State version: 68
[2025-01-05 14:23:53.192] [info]  Error: The name is not activatable
[2025-01-05 14:23:53.279] [info]  Error: The name is not activatable
[2025-01-05 14:23:54.565] [info]  Error: The name is not activatable
[2025-01-05 14:23:54.575] [info]  Error: The name is not activatable
[2025-01-05 14:23:54.581] [info]  Error: The name is not activatable
[2025-01-05 14:23:54.583] [error] SetAccessToken: storing encrypted access token in secure storage failed. Falling back to disk storage. Error: New Access token key unable to be retrieved from secure storage.
[2025-01-05 14:23:54.605] [info]  Error: The name is not activatable
[2025-01-05 14:23:54.611] [info]  Error: The name is not activatable
[2025-01-05 14:23:54.613] [error] SetRefreshToken: storing refresh token in secure storage failed. Falling back to disk storage. Error: Refresh token failed to save to secure storage.
[2025-01-05 14:23:54.627] [info]  Error: The name is not activatable
[2025-01-05 14:23:54.634] [info]  Error: The name is not activatable
[2025-01-14 11:23:21.490] [info]  State version: 68
[2025-01-14 11:23:21.498] [info]  Migrator MinVersionMigrator (to version 3) should migrate: false - up
[2025-01-14 11:23:21.499] [info]  Migrator RemoveEverBeenUnlockedMigrator (to version 4) should migrate: false - up
[2025-01-14 11:23:21.499] [info]  Migrator AddKeyTypeToOrgKeysMigrator (to version 5) should migrate: false - up
[2025-01-14 11:23:21.500] [info]  Migrator RemoveLegacyEtmKeyMigrator (to version 6) should migrate: false - up
[2025-01-14 11:23:21.500] [info]  Migrator MoveBiometricAutoPromptToAccount (to version 7) should migrate: false - up
[2025-01-14 11:23:21.501] [info]  Migrator MoveStateVersionMigrator (to version 8) should migrate: false - up
[2025-01-14 11:23:21.501] [info]  Migrator MoveBrowserSettingsToGlobal (to version 9) should migrate: false - up
[2025-01-14 11:23:21.501] [info]  Migrator EverHadUserKeyMigrator (to version 10) should migrate: false - up
[2025-01-14 11:23:21.502] [info]  Migrator OrganizationKeyMigrator (to version 11) should migrate: false - up
[2025-01-14 11:23:21.502] [info]  Migrator MoveEnvironmentStateToProviders (to version 12) should migrate: false - up
[2025-01-14 11:23:21.502] [info]  Migrator ProviderKeyMigrator (to version 13) should migrate: false - up
[2025-01-14 11:23:21.503] [info]  Migrator MoveBiometricClientKeyHalfToStateProviders (to version 14) should migrate: false - up
[2025-01-14 11:23:21.503] [info]  Migrator FolderMigrator (to version 15) should migrate: false - up
[2025-01-14 11:23:21.503] [info]  Migrator LastSyncMigrator (to version 16) should migrate: false - up
[2025-01-14 11:23:21.503] [info]  Migrator EnablePasskeysMigrator (to version 17) should migrate: false - up
[2025-01-14 11:23:21.503] [info]  Migrator AutofillSettingsKeyMigrator (to version 18) should migrate: false - up
[2025-01-14 11:23:21.504] [info]  Migrator RequirePasswordOnStartMigrator (to version 19) should migrate: false - up
[2025-01-14 11:23:21.504] [info]  Migrator PrivateKeyMigrator (to version 20) should migrate: false - up
[2025-01-14 11:23:21.504] [info]  Migrator CollectionMigrator (to version 21) should migrate: false - up
[2025-01-14 11:23:21.504] [info]  Migrator CollapsedGroupingsMigrator (to version 22) should migrate: false - up
[2025-01-14 11:23:21.504] [info]  Migrator MoveBiometricPromptsToStateProviders (to version 23) should migrate: false - up
[2025-01-14 11:23:21.505] [info]  Migrator SmOnboardingTasksMigrator (to version 24) should migrate: false - up
[2025-01-14 11:23:21.505] [info]  Migrator ClearClipboardDelayMigrator (to version 25) should migrate: false - up
[2025-01-14 11:23:21.505] [info]  Migrator RevertLastSyncMigrator (to version 26) should migrate: false - up
[2025-01-14 11:23:21.505] [info]  Migrator BadgeSettingsMigrator (to version 27) should migrate: false - up
[2025-01-14 11:23:21.505] [info]  Migrator MoveBiometricUnlockToStateProviders (to version 28) should migrate: false - up
[2025-01-14 11:23:21.506] [info]  Migrator UserNotificationSettingsKeyMigrator (to version 29) should migrate: false - up
[2025-01-14 11:23:21.506] [info]  Migrator PolicyMigrator (to version 30) should migrate: false - up
[2025-01-14 11:23:21.506] [info]  Migrator EnableContextMenuMigrator (to version 31) should migrate: false - up
[2025-01-14 11:23:21.506] [info]  Migrator PreferredLanguageMigrator (to version 32) should migrate: false - up
[2025-01-14 11:23:21.506] [info]  Migrator AppIdMigrator (to version 33) should migrate: false - up
[2025-01-14 11:23:21.507] [info]  Migrator DomainSettingsMigrator (to version 34) should migrate: false - up
[2025-01-14 11:23:21.507] [info]  Migrator MoveThemeToStateProviderMigrator (to version 35) should migrate: false - up
[2025-01-14 11:23:21.507] [info]  Migrator VaultSettingsKeyMigrator (to version 36) should migrate: false - up
[2025-01-14 11:23:21.507] [info]  Migrator AvatarColorMigrator (to version 37) should migrate: false - up
[2025-01-14 11:23:21.508] [info]  Migrator TokenServiceStateProviderMigrator (to version 38) should migrate: false - up
[2025-01-14 11:23:21.508] [info]  Migrator MoveBillingAccountProfileMigrator (to version 39) should migrate: false - up
[2025-01-14 11:23:21.508] [info]  Migrator OrganizationMigrator (to version 40) should migrate: false - up
[2025-01-14 11:23:21.508] [info]  Migrator EventCollectionMigrator (to version 41) should migrate: false - up
[2025-01-14 11:23:21.508] [info]  Migrator EnableFaviconMigrator (to version 42) should migrate: false - up
[2025-01-14 11:23:21.509] [info]  Migrator AutoConfirmFingerPrintsMigrator (to version 43) should migrate: false - up
[2025-01-14 11:23:21.509] [info]  Migrator UserDecryptionOptionsMigrator (to version 44) should migrate: false - up
[2025-01-14 11:23:21.509] [info]  Migrator MergeEnvironmentState (to version 45) should migrate: false - up
[2025-01-14 11:23:21.509] [info]  Migrator DeleteBiometricPromptCancelledData (to version 46) should migrate: false - up
[2025-01-14 11:23:21.509] [info]  Migrator MoveDesktopSettingsMigrator (to version 47) should migrate: false - up
[2025-01-14 11:23:21.509] [info]  Migrator MoveDdgToStateProviderMigrator (to version 48) should migrate: false - up
[2025-01-14 11:23:21.510] [info]  Migrator AccountServerConfigMigrator (to version 49) should migrate: false - up
[2025-01-14 11:23:21.510] [info]  Migrator KeyConnectorMigrator (to version 50) should migrate: false - up
[2025-01-14 11:23:21.510] [info]  Migrator RememberedEmailMigrator (to version 51) should migrate: false - up
[2025-01-14 11:23:21.510] [info]  Migrator DeleteInstalledVersion (to version 52) should migrate: false - up
[2025-01-14 11:23:21.510] [info]  Migrator DeviceTrustServiceStateProviderMigrator (to version 53) should migrate: false - up
[2025-01-14 11:23:21.511] [info]  Migrator SendMigrator (to version 54) should migrate: false - up
[2025-01-14 11:23:21.511] [info]  Migrator MoveMasterKeyStateToProviderMigrator (to version 55) should migrate: false - up
[2025-01-14 11:23:21.511] [info]  Migrator AuthRequestMigrator (to version 56) should migrate: false - up
[2025-01-14 11:23:21.511] [info]  Migrator CipherServiceMigrator (to version 57) should migrate: false - up
[2025-01-14 11:23:21.511] [info]  Migrator RemoveRefreshTokenMigratedFlagMigrator (to version 58) should migrate: false - up
[2025-01-14 11:23:21.512] [info]  Migrator KdfConfigMigrator (to version 59) should migrate: false - up
[2025-01-14 11:23:21.512] [info]  Migrator KnownAccountsMigrator (to version 60) should migrate: false - up
[2025-01-14 11:23:21.512] [info]  Migrator PinStateMigrator (to version 61) should migrate: false - up
[2025-01-14 11:23:21.512] [info]  Migrator VaultTimeoutSettingsServiceStateProviderMigrator (to version 62) should migrate: false - up
[2025-01-14 11:23:21.512] [info]  Migrator PasswordOptionsMigrator (to version 63) should migrate: false - up
[2025-01-14 11:23:21.512] [info]  Migrator GeneratorHistoryMigrator (to version 64) should migrate: false - up
[2025-01-14 11:23:21.513] [info]  Migrator ForwarderOptionsMigrator (to version 65) should migrate: false - up
[2025-01-14 11:23:21.513] [info]  Migrator MoveFinalDesktopSettingsMigrator (to version 66) should migrate: false - up
[2025-01-14 11:23:21.513] [info]  Migrator RemoveUnassignedItemsBannerDismissed (to version 67) should migrate: false - up
[2025-01-14 11:23:21.513] [info]  Migrator MoveLastSyncDate (to version 68) should migrate: false - up
[2025-01-14 11:23:21.706] [info]  Coredumps are disabled in renderer process
[2025-01-14 11:23:23.295] [info]  State version: 68
[2025-01-14 11:23:23.313] [info]  Error: The name is not activatable
[2025-01-14 11:23:23.412] [info]  Error: The name is not activatable
[2025-01-14 11:23:23.510] [info]  Error: The name is not activatable
[2025-01-14 11:23:23.807] [info]  Error: The name is not activatable
[2025-01-14 11:23:23.818] [info]  Error: The name is not activatable
[2025-01-14 11:23:23.825] [info]  Error: The name is not activatable
[2025-01-14 11:23:23.827] [error] SetAccessToken: storing encrypted access token in secure storage failed. Falling back to disk storage. Error: New Access token key unable to be retrieved from secure storage.
[2025-01-14 11:23:23.849] [info]  Error: The name is not activatable
[2025-01-14 11:23:23.855] [info]  Error: The name is not activatable
[2025-01-14 11:23:23.857] [error] SetRefreshToken: storing refresh token in secure storage failed. Falling back to disk storage. Error: Refresh token failed to save to secure storage.
[2025-01-14 11:23:23.872] [info]  Error: The name is not activatable
[2025-01-14 11:23:23.878] [info]  Error: The name is not activatable
[2025-01-14 11:23:24.370] [info]  Error: The name is not activatable
[2025-01-14 11:23:33.386] [info]  Error: The name is not activatable
[2025-01-14 11:23:33.390] [info]  Error: The name is not activatable
[2025-01-14 11:23:33.404] [info]  Error: The name is not activatable
[2025-01-14 11:23:33.432] [info]  Error: The name is not activatable
[2025-01-14 11:23:33.438] [info]  Error: The name is not activatable
[2025-01-14 11:23:33.439] [info]  Error: The name is not activatable
[2025-01-14 11:23:33.442] [info]  Error: The name is not activatable
[2025-01-14 11:23:33.641] [info]  Error: The name is not activatable
[2025-01-14 11:23:33.668] [info]  Error: The name is not activatable
[2025-01-14 11:23:33.700] [info]  Error: The name is not activatable
[2025-01-14 11:23:33.714] [info]  Error: The name is not activatable
[2025-01-14 11:23:33.717] [info]  Error: The name is not activatable
[2025-01-14 11:23:34.126] [info]  Starting decryption using multithreading with 1 workers for 19 items
[2025-01-14 11:23:34.285] [info]  Finished decrypting 19 items using 1 workers
[2025-01-14 11:23:34.313] [info]  Finished search indexing
[2025-01-24 22:17:49.701] [info]  State version: 68
[2025-01-24 22:17:49.707] [info]  Migrator MinVersionMigrator (to version 3) should migrate: false - up
[2025-01-24 22:17:49.708] [info]  Migrator RemoveEverBeenUnlockedMigrator (to version 4) should migrate: false - up
[2025-01-24 22:17:49.708] [info]  Migrator AddKeyTypeToOrgKeysMigrator (to version 5) should migrate: false - up
[2025-01-24 22:17:49.709] [info]  Migrator RemoveLegacyEtmKeyMigrator (to version 6) should migrate: false - up
[2025-01-24 22:17:49.709] [info]  Migrator MoveBiometricAutoPromptToAccount (to version 7) should migrate: false - up
[2025-01-24 22:17:49.709] [info]  Migrator MoveStateVersionMigrator (to version 8) should migrate: false - up
[2025-01-24 22:17:49.710] [info]  Migrator MoveBrowserSettingsToGlobal (to version 9) should migrate: false - up
[2025-01-24 22:17:49.710] [info]  Migrator EverHadUserKeyMigrator (to version 10) should migrate: false - up
[2025-01-24 22:17:49.710] [info]  Migrator OrganizationKeyMigrator (to version 11) should migrate: false - up
[2025-01-24 22:17:49.711] [info]  Migrator MoveEnvironmentStateToProviders (to version 12) should migrate: false - up
[2025-01-24 22:17:49.711] [info]  Migrator ProviderKeyMigrator (to version 13) should migrate: false - up
[2025-01-24 22:17:49.711] [info]  Migrator MoveBiometricClientKeyHalfToStateProviders (to version 14) should migrate: false - up
[2025-01-24 22:17:49.711] [info]  Migrator FolderMigrator (to version 15) should migrate: false - up
[2025-01-24 22:17:49.711] [info]  Migrator LastSyncMigrator (to version 16) should migrate: false - up
[2025-01-24 22:17:49.712] [info]  Migrator EnablePasskeysMigrator (to version 17) should migrate: false - up
[2025-01-24 22:17:49.712] [info]  Migrator AutofillSettingsKeyMigrator (to version 18) should migrate: false - up
[2025-01-24 22:17:49.712] [info]  Migrator RequirePasswordOnStartMigrator (to version 19) should migrate: false - up
[2025-01-24 22:17:49.712] [info]  Migrator PrivateKeyMigrator (to version 20) should migrate: false - up
[2025-01-24 22:17:49.712] [info]  Migrator CollectionMigrator (to version 21) should migrate: false - up
[2025-01-24 22:17:49.713] [info]  Migrator CollapsedGroupingsMigrator (to version 22) should migrate: false - up
[2025-01-24 22:17:49.713] [info]  Migrator MoveBiometricPromptsToStateProviders (to version 23) should migrate: false - up
[2025-01-24 22:17:49.713] [info]  Migrator SmOnboardingTasksMigrator (to version 24) should migrate: false - up
[2025-01-24 22:17:49.713] [info]  Migrator ClearClipboardDelayMigrator (to version 25) should migrate: false - up
[2025-01-24 22:17:49.713] [info]  Migrator RevertLastSyncMigrator (to version 26) should migrate: false - up
[2025-01-24 22:17:49.714] [info]  Migrator BadgeSettingsMigrator (to version 27) should migrate: false - up
[2025-01-24 22:17:49.714] [info]  Migrator MoveBiometricUnlockToStateProviders (to version 28) should migrate: false - up
[2025-01-24 22:17:49.714] [info]  Migrator UserNotificationSettingsKeyMigrator (to version 29) should migrate: false - up
[2025-01-24 22:17:49.714] [info]  Migrator PolicyMigrator (to version 30) should migrate: false - up
[2025-01-24 22:17:49.714] [info]  Migrator EnableContextMenuMigrator (to version 31) should migrate: false - up
[2025-01-24 22:17:49.714] [info]  Migrator PreferredLanguageMigrator (to version 32) should migrate: false - up
[2025-01-24 22:17:49.715] [info]  Migrator AppIdMigrator (to version 33) should migrate: false - up
[2025-01-24 22:17:49.715] [info]  Migrator DomainSettingsMigrator (to version 34) should migrate: false - up
[2025-01-24 22:17:49.715] [info]  Migrator MoveThemeToStateProviderMigrator (to version 35) should migrate: false - up
[2025-01-24 22:17:49.715] [info]  Migrator VaultSettingsKeyMigrator (to version 36) should migrate: false - up
[2025-01-24 22:17:49.716] [info]  Migrator AvatarColorMigrator (to version 37) should migrate: false - up
[2025-01-24 22:17:49.716] [info]  Migrator TokenServiceStateProviderMigrator (to version 38) should migrate: false - up
[2025-01-24 22:17:49.716] [info]  Migrator MoveBillingAccountProfileMigrator (to version 39) should migrate: false - up
[2025-01-24 22:17:49.716] [info]  Migrator OrganizationMigrator (to version 40) should migrate: false - up
[2025-01-24 22:17:49.716] [info]  Migrator EventCollectionMigrator (to version 41) should migrate: false - up
[2025-01-24 22:17:49.716] [info]  Migrator EnableFaviconMigrator (to version 42) should migrate: false - up
[2025-01-24 22:17:49.717] [info]  Migrator AutoConfirmFingerPrintsMigrator (to version 43) should migrate: false - up
[2025-01-24 22:17:49.717] [info]  Migrator UserDecryptionOptionsMigrator (to version 44) should migrate: false - up
[2025-01-24 22:17:49.717] [info]  Migrator MergeEnvironmentState (to version 45) should migrate: false - up
[2025-01-24 22:17:49.717] [info]  Migrator DeleteBiometricPromptCancelledData (to version 46) should migrate: false - up
[2025-01-24 22:17:49.717] [info]  Migrator MoveDesktopSettingsMigrator (to version 47) should migrate: false - up
[2025-01-24 22:17:49.717] [info]  Migrator MoveDdgToStateProviderMigrator (to version 48) should migrate: false - up
[2025-01-24 22:17:49.718] [info]  Migrator AccountServerConfigMigrator (to version 49) should migrate: false - up
[2025-01-24 22:17:49.718] [info]  Migrator KeyConnectorMigrator (to version 50) should migrate: false - up
[2025-01-24 22:17:49.718] [info]  Migrator RememberedEmailMigrator (to version 51) should migrate: false - up
[2025-01-24 22:17:49.718] [info]  Migrator DeleteInstalledVersion (to version 52) should migrate: false - up
[2025-01-24 22:17:49.718] [info]  Migrator DeviceTrustServiceStateProviderMigrator (to version 53) should migrate: false - up
[2025-01-24 22:17:49.718] [info]  Migrator SendMigrator (to version 54) should migrate: false - up
[2025-01-24 22:17:49.719] [info]  Migrator MoveMasterKeyStateToProviderMigrator (to version 55) should migrate: false - up
[2025-01-24 22:17:49.719] [info]  Migrator AuthRequestMigrator (to version 56) should migrate: false - up
[2025-01-24 22:17:49.719] [info]  Migrator CipherServiceMigrator (to version 57) should migrate: false - up
[2025-01-24 22:17:49.719] [info]  Migrator RemoveRefreshTokenMigratedFlagMigrator (to version 58) should migrate: false - up
[2025-01-24 22:17:49.719] [info]  Migrator KdfConfigMigrator (to version 59) should migrate: false - up
[2025-01-24 22:17:49.719] [info]  Migrator KnownAccountsMigrator (to version 60) should migrate: false - up
[2025-01-24 22:17:49.720] [info]  Migrator PinStateMigrator (to version 61) should migrate: false - up
[2025-01-24 22:17:49.720] [info]  Migrator VaultTimeoutSettingsServiceStateProviderMigrator (to version 62) should migrate: false - up
[2025-01-24 22:17:49.720] [info]  Migrator PasswordOptionsMigrator (to version 63) should migrate: false - up
[2025-01-24 22:17:49.720] [info]  Migrator GeneratorHistoryMigrator (to version 64) should migrate: false - up
[2025-01-24 22:17:49.720] [info]  Migrator ForwarderOptionsMigrator (to version 65) should migrate: false - up
[2025-01-24 22:17:49.720] [info]  Migrator MoveFinalDesktopSettingsMigrator (to version 66) should migrate: false - up
[2025-01-24 22:17:49.721] [info]  Migrator RemoveUnassignedItemsBannerDismissed (to version 67) should migrate: false - up
[2025-01-24 22:17:49.721] [info]  Migrator MoveLastSyncDate (to version 68) should migrate: false - up
[2025-01-24 22:17:49.922] [info]  Coredumps are disabled in renderer process
[2025-01-24 22:17:51.122] [info]  State version: 68
[2025-01-24 22:17:51.139] [info]  Error: The name is not activatable
[2025-01-24 22:17:51.246] [info]  Error: The name is not activatable
[2025-01-24 22:17:51.327] [info]  Error: The name is not activatable
[2025-01-24 22:17:51.643] [info]  Error: The name is not activatable
[2025-01-24 22:17:51.664] [info]  Error: The name is not activatable
[2025-01-24 22:17:51.670] [info]  Error: The name is not activatable
[2025-01-24 22:17:51.672] [error] SetAccessToken: storing encrypted access token in secure storage failed. Falling back to disk storage. Error: New Access token key unable to be retrieved from secure storage.
[2025-01-24 22:17:51.687] [info]  Error: The name is not activatable
[2025-01-24 22:17:51.693] [info]  Error: The name is not activatable
[2025-01-24 22:17:51.694] [error] SetRefreshToken: storing refresh token in secure storage failed. Falling back to disk storage. Error: Refresh token failed to save to secure storage.
[2025-01-24 22:17:51.708] [info]  Error: The name is not activatable
[2025-01-24 22:17:51.715] [info]  Error: The name is not activatable
[2025-01-24 22:17:52.126] [info]  Error: The name is not activatable
[2025-01-24 22:18:03.289] [info]  Error: The name is not activatable
[2025-01-24 22:18:03.291] [info]  Error: The name is not activatable
[2025-01-24 22:18:03.301] [info]  Error: The name is not activatable
[2025-01-24 22:18:03.314] [info]  Error: The name is not activatable
[2025-01-24 22:18:03.316] [info]  Error: The name is not activatable
[2025-01-24 22:18:03.318] [info]  Error: The name is not activatable
[2025-01-24 22:18:03.320] [info]  Error: The name is not activatable
[2025-01-24 22:18:03.563] [info]  Error: The name is not activatable
[2025-01-24 22:18:03.586] [info]  Error: The name is not activatable
[2025-01-24 22:18:03.619] [info]  Error: The name is not activatable
[2025-01-24 22:18:03.632] [info]  Error: The name is not activatable
[2025-01-24 22:18:03.638] [info]  Error: The name is not activatable
[2025-01-24 22:18:03.833] [info]  Starting decryption using multithreading with 1 workers for 19 items
[2025-01-24 22:18:03.994] [info]  Finished decrypting 19 items using 1 workers
[2025-01-24 22:18:04.029] [info]  Finished search indexing
[2025-01-31 13:20:06.043] [info]  State version: 68
[2025-01-31 13:20:06.051] [info]  Migrator MinVersionMigrator (to version 3) should migrate: false - up
[2025-01-31 13:20:06.052] [info]  Migrator RemoveEverBeenUnlockedMigrator (to version 4) should migrate: false - up
[2025-01-31 13:20:06.052] [info]  Migrator AddKeyTypeToOrgKeysMigrator (to version 5) should migrate: false - up
[2025-01-31 13:20:06.053] [info]  Migrator RemoveLegacyEtmKeyMigrator (to version 6) should migrate: false - up
[2025-01-31 13:20:06.053] [info]  Migrator MoveBiometricAutoPromptToAccount (to version 7) should migrate: false - up
[2025-01-31 13:20:06.053] [info]  Migrator MoveStateVersionMigrator (to version 8) should migrate: false - up
[2025-01-31 13:20:06.054] [info]  Migrator MoveBrowserSettingsToGlobal (to version 9) should migrate: false - up
[2025-01-31 13:20:06.054] [info]  Migrator EverHadUserKeyMigrator (to version 10) should migrate: false - up
[2025-01-31 13:20:06.054] [info]  Migrator OrganizationKeyMigrator (to version 11) should migrate: false - up
[2025-01-31 13:20:06.055] [info]  Migrator MoveEnvironmentStateToProviders (to version 12) should migrate: false - up
[2025-01-31 13:20:06.055] [info]  Migrator ProviderKeyMigrator (to version 13) should migrate: false - up
[2025-01-31 13:20:06.055] [info]  Migrator MoveBiometricClientKeyHalfToStateProviders (to version 14) should migrate: false - up
[2025-01-31 13:20:06.055] [info]  Migrator FolderMigrator (to version 15) should migrate: false - up
[2025-01-31 13:20:06.056] [info]  Migrator LastSyncMigrator (to version 16) should migrate: false - up
[2025-01-31 13:20:06.056] [info]  Migrator EnablePasskeysMigrator (to version 17) should migrate: false - up
[2025-01-31 13:20:06.056] [info]  Migrator AutofillSettingsKeyMigrator (to version 18) should migrate: false - up
[2025-01-31 13:20:06.056] [info]  Migrator RequirePasswordOnStartMigrator (to version 19) should migrate: false - up
[2025-01-31 13:20:06.056] [info]  Migrator PrivateKeyMigrator (to version 20) should migrate: false - up
[2025-01-31 13:20:06.057] [info]  Migrator CollectionMigrator (to version 21) should migrate: false - up
[2025-01-31 13:20:06.057] [info]  Migrator CollapsedGroupingsMigrator (to version 22) should migrate: false - up
[2025-01-31 13:20:06.057] [info]  Migrator MoveBiometricPromptsToStateProviders (to version 23) should migrate: false - up
[2025-01-31 13:20:06.057] [info]  Migrator SmOnboardingTasksMigrator (to version 24) should migrate: false - up
[2025-01-31 13:20:06.057] [info]  Migrator ClearClipboardDelayMigrator (to version 25) should migrate: false - up
[2025-01-31 13:20:06.057] [info]  Migrator RevertLastSyncMigrator (to version 26) should migrate: false - up
[2025-01-31 13:20:06.058] [info]  Migrator BadgeSettingsMigrator (to version 27) should migrate: false - up
[2025-01-31 13:20:06.058] [info]  Migrator MoveBiometricUnlockToStateProviders (to version 28) should migrate: false - up
[2025-01-31 13:20:06.058] [info]  Migrator UserNotificationSettingsKeyMigrator (to version 29) should migrate: false - up
[2025-01-31 13:20:06.058] [info]  Migrator PolicyMigrator (to version 30) should migrate: false - up
[2025-01-31 13:20:06.058] [info]  Migrator EnableContextMenuMigrator (to version 31) should migrate: false - up
[2025-01-31 13:20:06.059] [info]  Migrator PreferredLanguageMigrator (to version 32) should migrate: false - up
[2025-01-31 13:20:06.059] [info]  Migrator AppIdMigrator (to version 33) should migrate: false - up
[2025-01-31 13:20:06.059] [info]  Migrator DomainSettingsMigrator (to version 34) should migrate: false - up
[2025-01-31 13:20:06.059] [info]  Migrator MoveThemeToStateProviderMigrator (to version 35) should migrate: false - up
[2025-01-31 13:20:06.059] [info]  Migrator VaultSettingsKeyMigrator (to version 36) should migrate: false - up
[2025-01-31 13:20:06.060] [info]  Migrator AvatarColorMigrator (to version 37) should migrate: false - up
[2025-01-31 13:20:06.060] [info]  Migrator TokenServiceStateProviderMigrator (to version 38) should migrate: false - up
[2025-01-31 13:20:06.060] [info]  Migrator MoveBillingAccountProfileMigrator (to version 39) should migrate: false - up
[2025-01-31 13:20:06.060] [info]  Migrator OrganizationMigrator (to version 40) should migrate: false - up
[2025-01-31 13:20:06.060] [info]  Migrator EventCollectionMigrator (to version 41) should migrate: false - up
[2025-01-31 13:20:06.061] [info]  Migrator EnableFaviconMigrator (to version 42) should migrate: false - up
[2025-01-31 13:20:06.061] [info]  Migrator AutoConfirmFingerPrintsMigrator (to version 43) should migrate: false - up
[2025-01-31 13:20:06.061] [info]  Migrator UserDecryptionOptionsMigrator (to version 44) should migrate: false - up
[2025-01-31 13:20:06.061] [info]  Migrator MergeEnvironmentState (to version 45) should migrate: false - up
[2025-01-31 13:20:06.061] [info]  Migrator DeleteBiometricPromptCancelledData (to version 46) should migrate: false - up
[2025-01-31 13:20:06.061] [info]  Migrator MoveDesktopSettingsMigrator (to version 47) should migrate: false - up
[2025-01-31 13:20:06.062] [info]  Migrator MoveDdgToStateProviderMigrator (to version 48) should migrate: false - up
[2025-01-31 13:20:06.062] [info]  Migrator AccountServerConfigMigrator (to version 49) should migrate: false - up
[2025-01-31 13:20:06.062] [info]  Migrator KeyConnectorMigrator (to version 50) should migrate: false - up
[2025-01-31 13:20:06.062] [info]  Migrator RememberedEmailMigrator (to version 51) should migrate: false - up
[2025-01-31 13:20:06.062] [info]  Migrator DeleteInstalledVersion (to version 52) should migrate: false - up
[2025-01-31 13:20:06.062] [info]  Migrator DeviceTrustServiceStateProviderMigrator (to version 53) should migrate: false - up
[2025-01-31 13:20:06.063] [info]  Migrator SendMigrator (to version 54) should migrate: false - up
[2025-01-31 13:20:06.063] [info]  Migrator MoveMasterKeyStateToProviderMigrator (to version 55) should migrate: false - up
[2025-01-31 13:20:06.063] [info]  Migrator AuthRequestMigrator (to version 56) should migrate: false - up
[2025-01-31 13:20:06.063] [info]  Migrator CipherServiceMigrator (to version 57) should migrate: false - up
[2025-01-31 13:20:06.063] [info]  Migrator RemoveRefreshTokenMigratedFlagMigrator (to version 58) should migrate: false - up
[2025-01-31 13:20:06.063] [info]  Migrator KdfConfigMigrator (to version 59) should migrate: false - up
[2025-01-31 13:20:06.064] [info]  Migrator KnownAccountsMigrator (to version 60) should migrate: false - up
[2025-01-31 13:20:06.064] [info]  Migrator PinStateMigrator (to version 61) should migrate: false - up
[2025-01-31 13:20:06.064] [info]  Migrator VaultTimeoutSettingsServiceStateProviderMigrator (to version 62) should migrate: false - up
[2025-01-31 13:20:06.064] [info]  Migrator PasswordOptionsMigrator (to version 63) should migrate: false - up
[2025-01-31 13:20:06.064] [info]  Migrator GeneratorHistoryMigrator (to version 64) should migrate: false - up
[2025-01-31 13:20:06.064] [info]  Migrator ForwarderOptionsMigrator (to version 65) should migrate: false - up
[2025-01-31 13:20:06.065] [info]  Migrator MoveFinalDesktopSettingsMigrator (to version 66) should migrate: false - up
[2025-01-31 13:20:06.065] [info]  Migrator RemoveUnassignedItemsBannerDismissed (to version 67) should migrate: false - up
[2025-01-31 13:20:06.065] [info]  Migrator MoveLastSyncDate (to version 68) should migrate: false - up
[2025-01-31 13:20:06.290] [info]  Coredumps are disabled in renderer process
[2025-01-31 13:20:07.240] [error] Unable to fetch ServerConfig from https://api.bitwarden.com Error: Failed to fetch
[2025-01-31 13:20:07.245] [info]  State version: 68
[2025-01-31 13:20:07.256] [info]  Error: The name is not activatable
[2025-01-31 13:20:07.327] [info]  Error: The name is not activatable
[2025-01-31 13:20:07.390] [error] Error refreshing access token:  Error: Failed to fetch
[2025-01-31 13:20:07.391] [error] Unable to fetch ServerConfig from https://api.bitwarden.com Error: Failed to fetch
[2025-01-31 13:20:07.398] [error] Unable to fetch ServerConfig from https://api.bitwarden.com Error: Failed to fetch
[2025-01-31 13:20:07.403] [error] Unable to fetch ServerConfig from https://api.bitwarden.com Error: Failed to fetch
[2025-01-31 13:20:07.411] [error] Unable to fetch ServerConfig from https://api.bitwarden.com Error: Failed to fetch
[2025-01-31 13:20:07.440] [info]  Error: The name is not activatable
[2025-01-31 13:20:08.030] [info]  Self-host environment did not respond in time, emitting previous config.
[2025-01-31 13:20:08.185] [info]  Self-host environment did not respond in time, emitting previous config.
[2025-01-31 13:20:08.194] [info]  Self-host environment did not respond in time, emitting previous config.
[2025-01-31 13:20:08.199] [info]  Self-host environment did not respond in time, emitting previous config.
[2025-01-31 13:20:08.206] [info]  Self-host environment did not respond in time, emitting previous config.
[2025-01-31 13:20:13.391] [info]  Error: The name is not activatable
[2025-01-31 13:20:13.393] [info]  Error: The name is not activatable
[2025-01-31 13:20:13.404] [info]  Error: The name is not activatable
[2025-01-31 13:20:13.425] [info]  Error: The name is not activatable
[2025-01-31 13:20:13.429] [info]  Error: The name is not activatable
[2025-01-31 13:20:13.430] [info]  Error: The name is not activatable
[2025-01-31 13:20:13.435] [info]  Error: The name is not activatable
[2025-01-31 13:20:13.440] [info]  Error: The name is not activatable
[2025-01-31 13:20:13.443] [info]  Error: The name is not activatable
[2025-01-31 13:20:13.451] [error] Error: Failed to fetch
[2025-01-31 13:20:13.502] [info]  Error: The name is not activatable
[2025-01-31 13:20:13.520] [info]  Error: The name is not activatable
[2025-01-31 13:20:13.529] [info]  Error: The name is not activatable
[2025-01-31 13:20:13.546] [info]  Error: The name is not activatable
[2025-01-31 13:20:13.558] [error] Unhandled error in angular Error: Failed to fetch
[2025-01-31 13:20:13.560] [info]  Error: The name is not activatable
[2025-01-31 13:20:13.565] [info]  Error: The name is not activatable
[2025-01-31 13:20:13.572] [info]  Error: The name is not activatable
[2025-01-31 13:20:13.578] [error] Unable to fetch ServerConfig from https://api.bitwarden.com Error: Failed to fetch
[2025-01-31 13:20:13.579] [info]  Starting decryption using multithreading with 1 workers for 19 items
[2025-01-31 13:20:13.714] [info]  Finished decrypting 19 items using 1 workers
[2025-01-31 13:20:13.753] [info]  Finished search indexing
[2025-01-31 13:20:14.342] [info]  Self-host environment did not respond in time, emitting previous config.
[2025-01-31 13:23:48.636] [info]  Error: The name is not activatable
[2025-01-31 13:23:48.642] [info]  Error: The name is not activatable
[2025-01-31 13:23:48.651] [info]  Error: The name is not activatable
[2025-01-31 13:23:49.375] [info]  Error: The name is not activatable
[2025-01-31 13:23:49.387] [info]  Error: The name is not activatable
[2025-01-31 13:23:49.393] [info]  Error: The name is not activatable
[2025-01-31 13:23:49.396] [error] SetAccessToken: storing encrypted access token in secure storage failed. Falling back to disk storage. Error: New Access token key unable to be retrieved from secure storage.
[2025-01-31 13:23:49.411] [info]  Error: The name is not activatable
[2025-01-31 13:23:49.418] [info]  Error: The name is not activatable
[2025-01-31 13:23:49.420] [error] SetRefreshToken: storing refresh token in secure storage failed. Falling back to disk storage. Error: Refresh token failed to save to secure storage.
[2025-02-02 17:08:35.798] [info]  State version: 68
[2025-02-02 17:08:35.807] [info]  Migrator MinVersionMigrator (to version 3) should migrate: false - up
[2025-02-02 17:08:35.808] [info]  Migrator RemoveEverBeenUnlockedMigrator (to version 4) should migrate: false - up
[2025-02-02 17:08:35.808] [info]  Migrator AddKeyTypeToOrgKeysMigrator (to version 5) should migrate: false - up
[2025-02-02 17:08:35.809] [info]  Migrator RemoveLegacyEtmKeyMigrator (to version 6) should migrate: false - up
[2025-02-02 17:08:35.809] [info]  Migrator MoveBiometricAutoPromptToAccount (to version 7) should migrate: false - up
[2025-02-02 17:08:35.809] [info]  Migrator MoveStateVersionMigrator (to version 8) should migrate: false - up
[2025-02-02 17:08:35.810] [info]  Migrator MoveBrowserSettingsToGlobal (to version 9) should migrate: false - up
[2025-02-02 17:08:35.810] [info]  Migrator EverHadUserKeyMigrator (to version 10) should migrate: false - up
[2025-02-02 17:08:35.811] [info]  Migrator OrganizationKeyMigrator (to version 11) should migrate: false - up
[2025-02-02 17:08:35.811] [info]  Migrator MoveEnvironmentStateToProviders (to version 12) should migrate: false - up
[2025-02-02 17:08:35.811] [info]  Migrator ProviderKeyMigrator (to version 13) should migrate: false - up
[2025-02-02 17:08:35.811] [info]  Migrator MoveBiometricClientKeyHalfToStateProviders (to version 14) should migrate: false - up
[2025-02-02 17:08:35.812] [info]  Migrator FolderMigrator (to version 15) should migrate: false - up
[2025-02-02 17:08:35.812] [info]  Migrator LastSyncMigrator (to version 16) should migrate: false - up
[2025-02-02 17:08:35.812] [info]  Migrator EnablePasskeysMigrator (to version 17) should migrate: false - up
[2025-02-02 17:08:35.812] [info]  Migrator AutofillSettingsKeyMigrator (to version 18) should migrate: false - up
[2025-02-02 17:08:35.812] [info]  Migrator RequirePasswordOnStartMigrator (to version 19) should migrate: false - up
[2025-02-02 17:08:35.813] [info]  Migrator PrivateKeyMigrator (to version 20) should migrate: false - up
[2025-02-02 17:08:35.813] [info]  Migrator CollectionMigrator (to version 21) should migrate: false - up
[2025-02-02 17:08:35.813] [info]  Migrator CollapsedGroupingsMigrator (to version 22) should migrate: false - up
[2025-02-02 17:08:35.813] [info]  Migrator MoveBiometricPromptsToStateProviders (to version 23) should migrate: false - up
[2025-02-02 17:08:35.813] [info]  Migrator SmOnboardingTasksMigrator (to version 24) should migrate: false - up
[2025-02-02 17:08:35.814] [info]  Migrator ClearClipboardDelayMigrator (to version 25) should migrate: false - up
[2025-02-02 17:08:35.814] [info]  Migrator RevertLastSyncMigrator (to version 26) should migrate: false - up
[2025-02-02 17:08:35.814] [info]  Migrator BadgeSettingsMigrator (to version 27) should migrate: false - up
[2025-02-02 17:08:35.814] [info]  Migrator MoveBiometricUnlockToStateProviders (to version 28) should migrate: false - up
[2025-02-02 17:08:35.814] [info]  Migrator UserNotificationSettingsKeyMigrator (to version 29) should migrate: false - up
[2025-02-02 17:08:35.815] [info]  Migrator PolicyMigrator (to version 30) should migrate: false - up
[2025-02-02 17:08:35.815] [info]  Migrator EnableContextMenuMigrator (to version 31) should migrate: false - up
[2025-02-02 17:08:35.815] [info]  Migrator PreferredLanguageMigrator (to version 32) should migrate: false - up
[2025-02-02 17:08:35.815] [info]  Migrator AppIdMigrator (to version 33) should migrate: false - up
[2025-02-02 17:08:35.815] [info]  Migrator DomainSettingsMigrator (to version 34) should migrate: false - up
[2025-02-02 17:08:35.815] [info]  Migrator MoveThemeToStateProviderMigrator (to version 35) should migrate: false - up
[2025-02-02 17:08:35.816] [info]  Migrator VaultSettingsKeyMigrator (to version 36) should migrate: false - up
[2025-02-02 17:08:35.816] [info]  Migrator AvatarColorMigrator (to version 37) should migrate: false - up
[2025-02-02 17:08:35.816] [info]  Migrator TokenServiceStateProviderMigrator (to version 38) should migrate: false - up
[2025-02-02 17:08:35.816] [info]  Migrator MoveBillingAccountProfileMigrator (to version 39) should migrate: false - up
[2025-02-02 17:08:35.816] [info]  Migrator OrganizationMigrator (to version 40) should migrate: false - up
[2025-02-02 17:08:35.817] [info]  Migrator EventCollectionMigrator (to version 41) should migrate: false - up
[2025-02-02 17:08:35.817] [info]  Migrator EnableFaviconMigrator (to version 42) should migrate: false - up
[2025-02-02 17:08:35.817] [info]  Migrator AutoConfirmFingerPrintsMigrator (to version 43) should migrate: false - up
[2025-02-02 17:08:35.817] [info]  Migrator UserDecryptionOptionsMigrator (to version 44) should migrate: false - up
[2025-02-02 17:08:35.817] [info]  Migrator MergeEnvironmentState (to version 45) should migrate: false - up
[2025-02-02 17:08:35.817] [info]  Migrator DeleteBiometricPromptCancelledData (to version 46) should migrate: false - up
[2025-02-02 17:08:35.818] [info]  Migrator MoveDesktopSettingsMigrator (to version 47) should migrate: false - up
[2025-02-02 17:08:35.818] [info]  Migrator MoveDdgToStateProviderMigrator (to version 48) should migrate: false - up
[2025-02-02 17:08:35.818] [info]  Migrator AccountServerConfigMigrator (to version 49) should migrate: false - up
[2025-02-02 17:08:35.818] [info]  Migrator KeyConnectorMigrator (to version 50) should migrate: false - up
[2025-02-02 17:08:35.818] [info]  Migrator RememberedEmailMigrator (to version 51) should migrate: false - up
[2025-02-02 17:08:35.818] [info]  Migrator DeleteInstalledVersion (to version 52) should migrate: false - up
[2025-02-02 17:08:35.819] [info]  Migrator DeviceTrustServiceStateProviderMigrator (to version 53) should migrate: false - up
[2025-02-02 17:08:35.819] [info]  Migrator SendMigrator (to version 54) should migrate: false - up
[2025-02-02 17:08:35.819] [info]  Migrator MoveMasterKeyStateToProviderMigrator (to version 55) should migrate: false - up
[2025-02-02 17:08:35.819] [info]  Migrator AuthRequestMigrator (to version 56) should migrate: false - up
[2025-02-02 17:08:35.819] [info]  Migrator CipherServiceMigrator (to version 57) should migrate: false - up
[2025-02-02 17:08:35.820] [info]  Migrator RemoveRefreshTokenMigratedFlagMigrator (to version 58) should migrate: false - up
[2025-02-02 17:08:35.820] [info]  Migrator KdfConfigMigrator (to version 59) should migrate: false - up
[2025-02-02 17:08:35.820] [info]  Migrator KnownAccountsMigrator (to version 60) should migrate: false - up
[2025-02-02 17:08:35.820] [info]  Migrator PinStateMigrator (to version 61) should migrate: false - up
[2025-02-02 17:08:35.820] [info]  Migrator VaultTimeoutSettingsServiceStateProviderMigrator (to version 62) should migrate: false - up
[2025-02-02 17:08:35.820] [info]  Migrator PasswordOptionsMigrator (to version 63) should migrate: false - up
[2025-02-02 17:08:35.821] [info]  Migrator GeneratorHistoryMigrator (to version 64) should migrate: false - up
[2025-02-02 17:08:35.821] [info]  Migrator ForwarderOptionsMigrator (to version 65) should migrate: false - up
[2025-02-02 17:08:35.821] [info]  Migrator MoveFinalDesktopSettingsMigrator (to version 66) should migrate: false - up
[2025-02-02 17:08:35.821] [info]  Migrator RemoveUnassignedItemsBannerDismissed (to version 67) should migrate: false - up
[2025-02-02 17:08:35.821] [info]  Migrator MoveLastSyncDate (to version 68) should migrate: false - up
[2025-02-02 17:08:36.067] [info]  Coredumps are disabled in renderer process
[2025-02-02 17:08:37.440] [info]  State version: 68
[2025-02-02 17:08:37.458] [info]  Error: The name is not activatable
[2025-02-02 17:08:37.546] [info]  Error: The name is not activatable
[2025-02-02 17:08:37.653] [info]  Error: The name is not activatable
[2025-02-02 17:08:37.943] [info]  Error: The name is not activatable
[2025-02-02 17:08:37.964] [info]  Error: The name is not activatable
[2025-02-02 17:08:37.968] [info]  Error: The name is not activatable
[2025-02-02 17:08:37.970] [error] SetAccessToken: storing encrypted access token in secure storage failed. Falling back to disk storage. Error: New Access token key unable to be retrieved from secure storage.
[2025-02-02 17:08:37.984] [info]  Error: The name is not activatable
[2025-02-02 17:08:37.989] [info]  Error: The name is not activatable
[2025-02-02 17:08:37.992] [error] SetRefreshToken: storing refresh token in secure storage failed. Falling back to disk storage. Error: Refresh token failed to save to secure storage.
[2025-02-02 17:08:38.003] [info]  Error: The name is not activatable
[2025-02-02 17:08:38.008] [info]  Error: The name is not activatable
[2025-02-02 17:08:38.434] [info]  Error: The name is not activatable
[2025-02-02 17:08:43.861] [info]  Error: The name is not activatable
[2025-02-02 17:08:43.864] [info]  Error: The name is not activatable
[2025-02-02 17:08:43.876] [info]  Error: The name is not activatable
[2025-02-02 17:08:43.899] [info]  Error: The name is not activatable
[2025-02-02 17:08:43.906] [info]  Error: The name is not activatable
[2025-02-02 17:08:43.907] [info]  Error: The name is not activatable
[2025-02-02 17:08:43.911] [info]  Error: The name is not activatable
[2025-02-02 17:08:44.128] [info]  Error: The name is not activatable
[2025-02-02 17:08:44.149] [info]  Error: The name is not activatable
[2025-02-02 17:08:44.181] [info]  Error: The name is not activatable
[2025-02-02 17:08:44.186] [info]  Error: The name is not activatable
[2025-02-02 17:08:44.198] [info]  Error: The name is not activatable
[2025-02-02 17:08:44.594] [info]  Starting decryption using multithreading with 1 workers for 19 items
[2025-02-02 17:08:44.729] [info]  Finished decrypting 19 items using 1 workers
[2025-02-02 17:08:44.762] [info]  Finished search indexing
[2025-02-02 17:26:12.830] [info]  Error: The name is not activatable
[2025-02-02 17:26:12.835] [info]  Error: The name is not activatable
[2025-02-02 17:26:13.724] [info]  Error: The name is not activatable
[2025-02-02 17:26:13.728] [info]  Error: The name is not activatable
[2025-02-03 14:48:07.123] [info]  Error: The name is not activatable
[2025-02-03 14:48:07.129] [info]  Error: The name is not activatable
[2025-02-03 14:48:07.137] [info]  Error: The name is not activatable
[2025-02-03 14:48:07.565] [info]  Error: The name is not activatable
[2025-02-03 14:48:07.574] [info]  Error: The name is not activatable
[2025-02-03 14:48:07.580] [info]  Error: The name is not activatable
[2025-02-03 14:48:07.582] [error] SetAccessToken: storing encrypted access token in secure storage failed. Falling back to disk storage. Error: New Access token key unable to be retrieved from secure storage.
[2025-02-03 14:48:07.630] [info]  Error: The name is not activatable
[2025-02-03 14:48:07.637] [info]  Error: The name is not activatable
[2025-02-03 14:48:07.638] [error] SetRefreshToken: storing refresh token in secure storage failed. Falling back to disk storage. Error: Refresh token failed to save to secure storage.
[2025-02-06 20:17:49.020] [info]  State version: 68
[2025-02-06 20:17:49.027] [info]  Migrator MinVersionMigrator (to version 3) should migrate: false - up
[2025-02-06 20:17:49.028] [info]  Migrator RemoveEverBeenUnlockedMigrator (to version 4) should migrate: false - up
[2025-02-06 20:17:49.028] [info]  Migrator AddKeyTypeToOrgKeysMigrator (to version 5) should migrate: false - up
[2025-02-06 20:17:49.029] [info]  Migrator RemoveLegacyEtmKeyMigrator (to version 6) should migrate: false - up
[2025-02-06 20:17:49.029] [info]  Migrator MoveBiometricAutoPromptToAccount (to version 7) should migrate: false - up
[2025-02-06 20:17:49.029] [info]  Migrator MoveStateVersionMigrator (to version 8) should migrate: false - up
[2025-02-06 20:17:49.030] [info]  Migrator MoveBrowserSettingsToGlobal (to version 9) should migrate: false - up
[2025-02-06 20:17:49.030] [info]  Migrator EverHadUserKeyMigrator (to version 10) should migrate: false - up
[2025-02-06 20:17:49.030] [info]  Migrator OrganizationKeyMigrator (to version 11) should migrate: false - up
[2025-02-06 20:17:49.031] [info]  Migrator MoveEnvironmentStateToProviders (to version 12) should migrate: false - up
[2025-02-06 20:17:49.031] [info]  Migrator ProviderKeyMigrator (to version 13) should migrate: false - up
[2025-02-06 20:17:49.031] [info]  Migrator MoveBiometricClientKeyHalfToStateProviders (to version 14) should migrate: false - up
[2025-02-06 20:17:49.031] [info]  Migrator FolderMigrator (to version 15) should migrate: false - up
[2025-02-06 20:17:49.032] [info]  Migrator LastSyncMigrator (to version 16) should migrate: false - up
[2025-02-06 20:17:49.032] [info]  Migrator EnablePasskeysMigrator (to version 17) should migrate: false - up
[2025-02-06 20:17:49.032] [info]  Migrator AutofillSettingsKeyMigrator (to version 18) should migrate: false - up
[2025-02-06 20:17:49.032] [info]  Migrator RequirePasswordOnStartMigrator (to version 19) should migrate: false - up
[2025-02-06 20:17:49.032] [info]  Migrator PrivateKeyMigrator (to version 20) should migrate: false - up
[2025-02-06 20:17:49.033] [info]  Migrator CollectionMigrator (to version 21) should migrate: false - up
[2025-02-06 20:17:49.033] [info]  Migrator CollapsedGroupingsMigrator (to version 22) should migrate: false - up
[2025-02-06 20:17:49.033] [info]  Migrator MoveBiometricPromptsToStateProviders (to version 23) should migrate: false - up
[2025-02-06 20:17:49.033] [info]  Migrator SmOnboardingTasksMigrator (to version 24) should migrate: false - up
[2025-02-06 20:17:49.033] [info]  Migrator ClearClipboardDelayMigrator (to version 25) should migrate: false - up
[2025-02-06 20:17:49.034] [info]  Migrator RevertLastSyncMigrator (to version 26) should migrate: false - up
[2025-02-06 20:17:49.034] [info]  Migrator BadgeSettingsMigrator (to version 27) should migrate: false - up
[2025-02-06 20:17:49.034] [info]  Migrator MoveBiometricUnlockToStateProviders (to version 28) should migrate: false - up
[2025-02-06 20:17:49.034] [info]  Migrator UserNotificationSettingsKeyMigrator (to version 29) should migrate: false - up
[2025-02-06 20:17:49.034] [info]  Migrator PolicyMigrator (to version 30) should migrate: false - up
[2025-02-06 20:17:49.035] [info]  Migrator EnableContextMenuMigrator (to version 31) should migrate: false - up
[2025-02-06 20:17:49.035] [info]  Migrator PreferredLanguageMigrator (to version 32) should migrate: false - up
[2025-02-06 20:17:49.035] [info]  Migrator AppIdMigrator (to version 33) should migrate: false - up
[2025-02-06 20:17:49.035] [info]  Migrator DomainSettingsMigrator (to version 34) should migrate: false - up
[2025-02-06 20:17:49.035] [info]  Migrator MoveThemeToStateProviderMigrator (to version 35) should migrate: false - up
[2025-02-06 20:17:49.036] [info]  Migrator VaultSettingsKeyMigrator (to version 36) should migrate: false - up
[2025-02-06 20:17:49.036] [info]  Migrator AvatarColorMigrator (to version 37) should migrate: false - up
[2025-02-06 20:17:49.036] [info]  Migrator TokenServiceStateProviderMigrator (to version 38) should migrate: false - up
[2025-02-06 20:17:49.036] [info]  Migrator MoveBillingAccountProfileMigrator (to version 39) should migrate: false - up
[2025-02-06 20:17:49.036] [info]  Migrator OrganizationMigrator (to version 40) should migrate: false - up
[2025-02-06 20:17:49.037] [info]  Migrator EventCollectionMigrator (to version 41) should migrate: false - up
[2025-02-06 20:17:49.037] [info]  Migrator EnableFaviconMigrator (to version 42) should migrate: false - up
[2025-02-06 20:17:49.037] [info]  Migrator AutoConfirmFingerPrintsMigrator (to version 43) should migrate: false - up
[2025-02-06 20:17:49.037] [info]  Migrator UserDecryptionOptionsMigrator (to version 44) should migrate: false - up
[2025-02-06 20:17:49.037] [info]  Migrator MergeEnvironmentState (to version 45) should migrate: false - up
[2025-02-06 20:17:49.037] [info]  Migrator DeleteBiometricPromptCancelledData (to version 46) should migrate: false - up
[2025-02-06 20:17:49.038] [info]  Migrator MoveDesktopSettingsMigrator (to version 47) should migrate: false - up
[2025-02-06 20:17:49.038] [info]  Migrator MoveDdgToStateProviderMigrator (to version 48) should migrate: false - up
[2025-02-06 20:17:49.038] [info]  Migrator AccountServerConfigMigrator (to version 49) should migrate: false - up
[2025-02-06 20:17:49.038] [info]  Migrator KeyConnectorMigrator (to version 50) should migrate: false - up
[2025-02-06 20:17:49.038] [info]  Migrator RememberedEmailMigrator (to version 51) should migrate: false - up
[2025-02-06 20:17:49.038] [info]  Migrator DeleteInstalledVersion (to version 52) should migrate: false - up
[2025-02-06 20:17:49.039] [info]  Migrator DeviceTrustServiceStateProviderMigrator (to version 53) should migrate: false - up
[2025-02-06 20:17:49.039] [info]  Migrator SendMigrator (to version 54) should migrate: false - up
[2025-02-06 20:17:49.039] [info]  Migrator MoveMasterKeyStateToProviderMigrator (to version 55) should migrate: false - up
[2025-02-06 20:17:49.039] [info]  Migrator AuthRequestMigrator (to version 56) should migrate: false - up
[2025-02-06 20:17:49.039] [info]  Migrator CipherServiceMigrator (to version 57) should migrate: false - up
[2025-02-06 20:17:49.039] [info]  Migrator RemoveRefreshTokenMigratedFlagMigrator (to version 58) should migrate: false - up
[2025-02-06 20:17:49.040] [info]  Migrator KdfConfigMigrator (to version 59) should migrate: false - up
[2025-02-06 20:17:49.040] [info]  Migrator KnownAccountsMigrator (to version 60) should migrate: false - up
[2025-02-06 20:17:49.040] [info]  Migrator PinStateMigrator (to version 61) should migrate: false - up
[2025-02-06 20:17:49.040] [info]  Migrator VaultTimeoutSettingsServiceStateProviderMigrator (to version 62) should migrate: false - up
[2025-02-06 20:17:49.040] [info]  Migrator PasswordOptionsMigrator (to version 63) should migrate: false - up
[2025-02-06 20:17:49.040] [info]  Migrator GeneratorHistoryMigrator (to version 64) should migrate: false - up
[2025-02-06 20:17:49.041] [info]  Migrator ForwarderOptionsMigrator (to version 65) should migrate: false - up
[2025-02-06 20:17:49.041] [info]  Migrator MoveFinalDesktopSettingsMigrator (to version 66) should migrate: false - up
[2025-02-06 20:17:49.041] [info]  Migrator RemoveUnassignedItemsBannerDismissed (to version 67) should migrate: false - up
[2025-02-06 20:17:49.041] [info]  Migrator MoveLastSyncDate (to version 68) should migrate: false - up
[2025-02-06 20:17:49.258] [info]  Coredumps are disabled in renderer process
[2025-02-06 20:17:50.732] [info]  State version: 68
[2025-02-06 20:17:50.747] [info]  Error: The name is not activatable
[2025-02-06 20:17:50.826] [info]  Error: The name is not activatable
[2025-02-06 20:17:50.912] [info]  Error: The name is not activatable
[2025-02-06 20:17:51.251] [info]  Error: The name is not activatable
[2025-02-06 20:17:51.271] [info]  Error: The name is not activatable
[2025-02-06 20:17:51.275] [info]  Error: The name is not activatable
[2025-02-06 20:17:51.277] [error] SetAccessToken: storing encrypted access token in secure storage failed. Falling back to disk storage. Error: New Access token key unable to be retrieved from secure storage.
[2025-02-06 20:17:51.291] [info]  Error: The name is not activatable
[2025-02-06 20:17:51.295] [info]  Error: The name is not activatable
[2025-02-06 20:17:51.297] [error] SetRefreshToken: storing refresh token in secure storage failed. Falling back to disk storage. Error: Refresh token failed to save to secure storage.
[2025-02-06 20:17:51.308] [info]  Error: The name is not activatable
[2025-02-06 20:17:51.313] [info]  Error: The name is not activatable
[2025-02-06 20:17:51.846] [info]  Error: The name is not activatable
[2025-02-06 20:17:56.393] [info]  Error: The name is not activatable
[2025-02-06 20:17:56.396] [info]  Error: The name is not activatable
[2025-02-06 20:17:56.407] [info]  Error: The name is not activatable
[2025-02-06 20:17:56.429] [info]  Error: The name is not activatable
[2025-02-06 20:17:56.435] [info]  Error: The name is not activatable
[2025-02-06 20:17:56.436] [info]  Error: The name is not activatable
[2025-02-06 20:17:56.441] [info]  Error: The name is not activatable
[2025-02-06 20:17:56.703] [info]  Error: The name is not activatable
[2025-02-06 20:17:56.723] [info]  Error: The name is not activatable
[2025-02-06 20:17:56.750] [info]  Error: The name is not activatable
[2025-02-06 20:17:56.761] [info]  Error: The name is not activatable
[2025-02-06 20:17:56.766] [info]  Error: The name is not activatable
[2025-02-06 20:17:57.083] [info]  Starting decryption using multithreading with 1 workers for 19 items
[2025-02-06 20:17:57.242] [info]  Finished decrypting 19 items using 1 workers
[2025-02-06 20:17:57.271] [info]  Finished search indexing
[2025-02-07 19:28:02.833] [info]  State version: 68
[2025-02-07 19:28:02.837] [info]  Migrator MinVersionMigrator (to version 3) should migrate: false - up
[2025-02-07 19:28:02.837] [info]  Migrator RemoveEverBeenUnlockedMigrator (to version 4) should migrate: false - up
[2025-02-07 19:28:02.838] [info]  Migrator AddKeyTypeToOrgKeysMigrator (to version 5) should migrate: false - up
[2025-02-07 19:28:02.838] [info]  Migrator RemoveLegacyEtmKeyMigrator (to version 6) should migrate: false - up
[2025-02-07 19:28:02.838] [info]  Migrator MoveBiometricAutoPromptToAccount (to version 7) should migrate: false - up
[2025-02-07 19:28:02.838] [info]  Migrator MoveStateVersionMigrator (to version 8) should migrate: false - up
[2025-02-07 19:28:02.839] [info]  Migrator MoveBrowserSettingsToGlobal (to version 9) should migrate: false - up
[2025-02-07 19:28:02.839] [info]  Migrator EverHadUserKeyMigrator (to version 10) should migrate: false - up
[2025-02-07 19:28:02.839] [info]  Migrator OrganizationKeyMigrator (to version 11) should migrate: false - up
[2025-02-07 19:28:02.839] [info]  Migrator MoveEnvironmentStateToProviders (to version 12) should migrate: false - up
[2025-02-07 19:28:02.840] [info]  Migrator ProviderKeyMigrator (to version 13) should migrate: false - up
[2025-02-07 19:28:02.840] [info]  Migrator MoveBiometricClientKeyHalfToStateProviders (to version 14) should migrate: false - up
[2025-02-07 19:28:02.840] [info]  Migrator FolderMigrator (to version 15) should migrate: false - up
[2025-02-07 19:28:02.840] [info]  Migrator LastSyncMigrator (to version 16) should migrate: false - up
[2025-02-07 19:28:02.840] [info]  Migrator EnablePasskeysMigrator (to version 17) should migrate: false - up
[2025-02-07 19:28:02.840] [info]  Migrator AutofillSettingsKeyMigrator (to version 18) should migrate: false - up
[2025-02-07 19:28:02.840] [info]  Migrator RequirePasswordOnStartMigrator (to version 19) should migrate: false - up
[2025-02-07 19:28:02.841] [info]  Migrator PrivateKeyMigrator (to version 20) should migrate: false - up
[2025-02-07 19:28:02.841] [info]  Migrator CollectionMigrator (to version 21) should migrate: false - up
[2025-02-07 19:28:02.841] [info]  Migrator CollapsedGroupingsMigrator (to version 22) should migrate: false - up
[2025-02-07 19:28:02.841] [info]  Migrator MoveBiometricPromptsToStateProviders (to version 23) should migrate: false - up
[2025-02-07 19:28:02.841] [info]  Migrator SmOnboardingTasksMigrator (to version 24) should migrate: false - up
[2025-02-07 19:28:02.841] [info]  Migrator ClearClipboardDelayMigrator (to version 25) should migrate: false - up
[2025-02-07 19:28:02.841] [info]  Migrator RevertLastSyncMigrator (to version 26) should migrate: false - up
[2025-02-07 19:28:02.841] [info]  Migrator BadgeSettingsMigrator (to version 27) should migrate: false - up
[2025-02-07 19:28:02.841] [info]  Migrator MoveBiometricUnlockToStateProviders (to version 28) should migrate: false - up
[2025-02-07 19:28:02.842] [info]  Migrator UserNotificationSettingsKeyMigrator (to version 29) should migrate: false - up
[2025-02-07 19:28:02.842] [info]  Migrator PolicyMigrator (to version 30) should migrate: false - up
[2025-02-07 19:28:02.842] [info]  Migrator EnableContextMenuMigrator (to version 31) should migrate: false - up
[2025-02-07 19:28:02.842] [info]  Migrator PreferredLanguageMigrator (to version 32) should migrate: false - up
[2025-02-07 19:28:02.842] [info]  Migrator AppIdMigrator (to version 33) should migrate: false - up
[2025-02-07 19:28:02.842] [info]  Migrator DomainSettingsMigrator (to version 34) should migrate: false - up
[2025-02-07 19:28:02.842] [info]  Migrator MoveThemeToStateProviderMigrator (to version 35) should migrate: false - up
[2025-02-07 19:28:02.842] [info]  Migrator VaultSettingsKeyMigrator (to version 36) should migrate: false - up
[2025-02-07 19:28:02.843] [info]  Migrator AvatarColorMigrator (to version 37) should migrate: false - up
[2025-02-07 19:28:02.843] [info]  Migrator TokenServiceStateProviderMigrator (to version 38) should migrate: false - up
[2025-02-07 19:28:02.843] [info]  Migrator MoveBillingAccountProfileMigrator (to version 39) should migrate: false - up
[2025-02-07 19:28:02.843] [info]  Migrator OrganizationMigrator (to version 40) should migrate: false - up
[2025-02-07 19:28:02.843] [info]  Migrator EventCollectionMigrator (to version 41) should migrate: false - up
[2025-02-07 19:28:02.843] [info]  Migrator EnableFaviconMigrator (to version 42) should migrate: false - up
[2025-02-07 19:28:02.843] [info]  Migrator AutoConfirmFingerPrintsMigrator (to version 43) should migrate: false - up
[2025-02-07 19:28:02.843] [info]  Migrator UserDecryptionOptionsMigrator (to version 44) should migrate: false - up
[2025-02-07 19:28:02.843] [info]  Migrator MergeEnvironmentState (to version 45) should migrate: false - up
[2025-02-07 19:28:02.844] [info]  Migrator DeleteBiometricPromptCancelledData (to version 46) should migrate: false - up
[2025-02-07 19:28:02.844] [info]  Migrator MoveDesktopSettingsMigrator (to version 47) should migrate: false - up
[2025-02-07 19:28:02.844] [info]  Migrator MoveDdgToStateProviderMigrator (to version 48) should migrate: false - up
[2025-02-07 19:28:02.844] [info]  Migrator AccountServerConfigMigrator (to version 49) should migrate: false - up
[2025-02-07 19:28:02.844] [info]  Migrator KeyConnectorMigrator (to version 50) should migrate: false - up
[2025-02-07 19:28:02.844] [info]  Migrator RememberedEmailMigrator (to version 51) should migrate: false - up
[2025-02-07 19:28:02.844] [info]  Migrator DeleteInstalledVersion (to version 52) should migrate: false - up
[2025-02-07 19:28:02.844] [info]  Migrator DeviceTrustServiceStateProviderMigrator (to version 53) should migrate: false - up
[2025-02-07 19:28:02.845] [info]  Migrator SendMigrator (to version 54) should migrate: false - up
[2025-02-07 19:28:02.845] [info]  Migrator MoveMasterKeyStateToProviderMigrator (to version 55) should migrate: false - up
[2025-02-07 19:28:02.845] [info]  Migrator AuthRequestMigrator (to version 56) should migrate: false - up
[2025-02-07 19:28:02.845] [info]  Migrator CipherServiceMigrator (to version 57) should migrate: false - up
[2025-02-07 19:28:02.845] [info]  Migrator RemoveRefreshTokenMigratedFlagMigrator (to version 58) should migrate: false - up
[2025-02-07 19:28:02.845] [info]  Migrator KdfConfigMigrator (to version 59) should migrate: false - up
[2025-02-07 19:28:02.845] [info]  Migrator KnownAccountsMigrator (to version 60) should migrate: false - up
[2025-02-07 19:28:02.845] [info]  Migrator PinStateMigrator (to version 61) should migrate: false - up
[2025-02-07 19:28:02.845] [info]  Migrator VaultTimeoutSettingsServiceStateProviderMigrator (to version 62) should migrate: false - up
[2025-02-07 19:28:02.846] [info]  Migrator PasswordOptionsMigrator (to version 63) should migrate: false - up
[2025-02-07 19:28:02.846] [info]  Migrator GeneratorHistoryMigrator (to version 64) should migrate: false - up
[2025-02-07 19:28:02.846] [info]  Migrator ForwarderOptionsMigrator (to version 65) should migrate: false - up
[2025-02-07 19:28:02.846] [info]  Migrator MoveFinalDesktopSettingsMigrator (to version 66) should migrate: false - up
[2025-02-07 19:28:02.846] [info]  Migrator RemoveUnassignedItemsBannerDismissed (to version 67) should migrate: false - up
[2025-02-07 19:28:02.846] [info]  Migrator MoveLastSyncDate (to version 68) should migrate: false - up
[2025-02-07 19:28:02.961] [info]  Coredumps are disabled in renderer process
[2025-02-07 19:28:03.973] [info]  State version: 68
[2025-02-07 19:28:03.987] [info]  Error: The name is not activatable
[2025-02-07 19:28:04.050] [info]  Error: The name is not activatable
[2025-02-07 19:28:04.115] [info]  Error: The name is not activatable
[2025-02-07 19:28:04.337] [info]  Error: The name is not activatable
[2025-02-07 19:28:04.348] [info]  Error: The name is not activatable
[2025-02-07 19:28:04.353] [info]  Error: The name is not activatable
[2025-02-07 19:28:04.355] [error] SetAccessToken: storing encrypted access token in secure storage failed. Falling back to disk storage. Error: New Access token key unable to be retrieved from secure storage.
[2025-02-07 19:28:04.376] [info]  Error: The name is not activatable
[2025-02-07 19:28:04.381] [info]  Error: The name is not activatable
[2025-02-07 19:28:04.382] [error] SetRefreshToken: storing refresh token in secure storage failed. Falling back to disk storage. Error: Refresh token failed to save to secure storage.
[2025-02-07 19:28:04.394] [info]  Error: The name is not activatable
[2025-02-07 19:28:04.400] [info]  Error: The name is not activatable
[2025-02-07 19:28:04.778] [info]  Error: The name is not activatable
[2025-02-07 19:28:08.074] [info]  Error: The name is not activatable
[2025-02-07 19:28:08.077] [info]  Error: The name is not activatable
[2025-02-07 19:28:08.088] [info]  Error: The name is not activatable
[2025-02-07 19:28:08.100] [info]  Error: The name is not activatable
[2025-02-07 19:28:08.102] [info]  Error: The name is not activatable
[2025-02-07 19:28:08.105] [info]  Error: The name is not activatable
[2025-02-07 19:28:08.106] [info]  Error: The name is not activatable
[2025-02-07 19:28:08.302] [info]  Error: The name is not activatable
[2025-02-07 19:28:08.318] [info]  Error: The name is not activatable
[2025-02-07 19:28:08.338] [info]  Error: The name is not activatable
[2025-02-07 19:28:08.341] [info]  Error: The name is not activatable
[2025-02-07 19:28:08.347] [info]  Error: The name is not activatable
[2025-02-07 19:28:08.484] [info]  Starting decryption using multithreading with 1 workers for 19 items
[2025-02-07 19:28:08.562] [info]  Finished decrypting 19 items using 1 workers
[2025-02-07 19:28:08.588] [info]  Finished search indexing
[2025-02-07 19:29:14.395] [info]  Error: The name is not activatable
[2025-02-07 19:29:14.397] [info]  Error: The name is not activatable
[2025-02-07 19:29:14.673] [info]  Starting decryption using multithreading with 1 workers for 20 items
[2025-02-07 19:29:14.760] [info]  Finished decrypting 20 items using 1 workers
[2025-02-07 19:29:14.775] [info]  Finished search indexing
[2025-02-07 19:29:16.152] [info]  Retrieving application id
[2025-02-07 19:49:45.986] [info]  Error: The name is not activatable
[2025-02-07 19:49:45.992] [info]  Error: The name is not activatable
[2025-02-07 19:49:46.689] [info]  Error: The name is not activatable
[2025-02-07 19:49:46.696] [info]  Error: The name is not activatable
[2025-02-07 19:49:47.102] [info]  Error: The name is not activatable
[2025-02-07 19:49:47.411] [info]  Error: The name is not activatable
[2025-02-07 19:49:47.418] [info]  Error: The name is not activatable
[2025-02-07 19:49:47.425] [info]  Error: The name is not activatable
[2025-02-07 19:49:47.426] [error] SetAccessToken: storing encrypted access token in secure storage failed. Falling back to disk storage. Error: New Access token key unable to be retrieved from secure storage.
[2025-02-07 19:49:47.447] [info]  Error: The name is not activatable
[2025-02-07 19:49:47.453] [info]  Error: The name is not activatable
[2025-02-07 19:49:47.454] [error] SetRefreshToken: storing refresh token in secure storage failed. Falling back to disk storage. Error: Refresh token failed to save to secure storage.
[2025-02-07 19:49:47.470] [info]  Error: The name is not activatable
[2025-02-07 19:49:47.475] [info]  Error: The name is not activatable
[2025-02-07 19:49:47.892] [info]  Error: The name is not activatable
[2025-02-07 19:49:47.990] [info]  Starting decryption using multithreading with 1 workers for 20 items
[2025-02-07 19:49:48.128] [info]  Finished decrypting 20 items using 1 workers
[2025-02-07 19:49:48.146] [info]  Finished search indexing
[2025-02-07 19:49:54.220] [info]  Error: The name is not activatable
[2025-02-07 19:49:54.231] [info]  Error: The name is not activatable
[2025-02-07 19:49:54.426] [info]  Error: The name is not activatable
[2025-02-07 19:49:54.427] [info]  Error: The name is not activatable
[2025-02-07 19:49:54.467] [info]  Error: The name is not activatable
[2025-02-07 19:49:54.470] [info]  Error: The name is not activatable
[2025-02-07 19:49:54.472] [info]  Error: The name is not activatable
[2025-02-07 19:49:54.475] [info]  Error: The name is not activatable
[2025-02-07 19:49:54.536] [error] Unhandled error in angular Error: Failed to decode access token: Access token not found.
[2025-02-07 19:49:54.539] [info]  Reloading render process
[2025-02-07 19:49:54.717] [info]  Render process reloaded
[2025-02-07 19:49:55.544] [info]  State version: 68
[2025-02-07 19:49:55.554] [info]  Error: The name is not activatable
[2025-02-07 19:49:55.674] [info]  Retrieving application id
[2025-02-07 19:50:01.476] [info]  Retrieving application id
[2025-02-07 19:54:43.581] [info]  State version: 68
[2025-02-07 19:54:43.590] [info]  Migrator MinVersionMigrator (to version 3) should migrate: false - up
[2025-02-07 19:54:43.591] [info]  Migrator RemoveEverBeenUnlockedMigrator (to version 4) should migrate: false - up
[2025-02-07 19:54:43.591] [info]  Migrator AddKeyTypeToOrgKeysMigrator (to version 5) should migrate: false - up
[2025-02-07 19:54:43.591] [info]  Migrator RemoveLegacyEtmKeyMigrator (to version 6) should migrate: false - up
[2025-02-07 19:54:43.592] [info]  Migrator MoveBiometricAutoPromptToAccount (to version 7) should migrate: false - up
[2025-02-07 19:54:43.592] [info]  Migrator MoveStateVersionMigrator (to version 8) should migrate: false - up
[2025-02-07 19:54:43.593] [info]  Migrator MoveBrowserSettingsToGlobal (to version 9) should migrate: false - up
[2025-02-07 19:54:43.593] [info]  Migrator EverHadUserKeyMigrator (to version 10) should migrate: false - up
[2025-02-07 19:54:43.593] [info]  Migrator OrganizationKeyMigrator (to version 11) should migrate: false - up
[2025-02-07 19:54:43.594] [info]  Migrator MoveEnvironmentStateToProviders (to version 12) should migrate: false - up
[2025-02-07 19:54:43.594] [info]  Migrator ProviderKeyMigrator (to version 13) should migrate: false - up
[2025-02-07 19:54:43.594] [info]  Migrator MoveBiometricClientKeyHalfToStateProviders (to version 14) should migrate: false - up
[2025-02-07 19:54:43.594] [info]  Migrator FolderMigrator (to version 15) should migrate: false - up
[2025-02-07 19:54:43.594] [info]  Migrator LastSyncMigrator (to version 16) should migrate: false - up
[2025-02-07 19:54:43.595] [info]  Migrator EnablePasskeysMigrator (to version 17) should migrate: false - up
[2025-02-07 19:54:43.595] [info]  Migrator AutofillSettingsKeyMigrator (to version 18) should migrate: false - up
[2025-02-07 19:54:43.595] [info]  Migrator RequirePasswordOnStartMigrator (to version 19) should migrate: false - up
[2025-02-07 19:54:43.595] [info]  Migrator PrivateKeyMigrator (to version 20) should migrate: false - up
[2025-02-07 19:54:43.595] [info]  Migrator CollectionMigrator (to version 21) should migrate: false - up
[2025-02-07 19:54:43.596] [info]  Migrator CollapsedGroupingsMigrator (to version 22) should migrate: false - up
[2025-02-07 19:54:43.596] [info]  Migrator MoveBiometricPromptsToStateProviders (to version 23) should migrate: false - up
[2025-02-07 19:54:43.596] [info]  Migrator SmOnboardingTasksMigrator (to version 24) should migrate: false - up
[2025-02-07 19:54:43.596] [info]  Migrator ClearClipboardDelayMigrator (to version 25) should migrate: false - up
[2025-02-07 19:54:43.596] [info]  Migrator RevertLastSyncMigrator (to version 26) should migrate: false - up
[2025-02-07 19:54:43.597] [info]  Migrator BadgeSettingsMigrator (to version 27) should migrate: false - up
[2025-02-07 19:54:43.597] [info]  Migrator MoveBiometricUnlockToStateProviders (to version 28) should migrate: false - up
[2025-02-07 19:54:43.597] [info]  Migrator UserNotificationSettingsKeyMigrator (to version 29) should migrate: false - up
[2025-02-07 19:54:43.597] [info]  Migrator PolicyMigrator (to version 30) should migrate: false - up
[2025-02-07 19:54:43.597] [info]  Migrator EnableContextMenuMigrator (to version 31) should migrate: false - up
[2025-02-07 19:54:43.597] [info]  Migrator PreferredLanguageMigrator (to version 32) should migrate: false - up
[2025-02-07 19:54:43.598] [info]  Migrator AppIdMigrator (to version 33) should migrate: false - up
[2025-02-07 19:54:43.598] [info]  Migrator DomainSettingsMigrator (to version 34) should migrate: false - up
[2025-02-07 19:54:43.598] [info]  Migrator MoveThemeToStateProviderMigrator (to version 35) should migrate: false - up
[2025-02-07 19:54:43.598] [info]  Migrator VaultSettingsKeyMigrator (to version 36) should migrate: false - up
[2025-02-07 19:54:43.598] [info]  Migrator AvatarColorMigrator (to version 37) should migrate: false - up
[2025-02-07 19:54:43.599] [info]  Migrator TokenServiceStateProviderMigrator (to version 38) should migrate: false - up
[2025-02-07 19:54:43.599] [info]  Migrator MoveBillingAccountProfileMigrator (to version 39) should migrate: false - up
[2025-02-07 19:54:43.599] [info]  Migrator OrganizationMigrator (to version 40) should migrate: false - up
[2025-02-07 19:54:43.599] [info]  Migrator EventCollectionMigrator (to version 41) should migrate: false - up
[2025-02-07 19:54:43.600] [info]  Migrator EnableFaviconMigrator (to version 42) should migrate: false - up
[2025-02-07 19:54:43.600] [info]  Migrator AutoConfirmFingerPrintsMigrator (to version 43) should migrate: false - up
[2025-02-07 19:54:43.600] [info]  Migrator UserDecryptionOptionsMigrator (to version 44) should migrate: false - up
[2025-02-07 19:54:43.600] [info]  Migrator MergeEnvironmentState (to version 45) should migrate: false - up
[2025-02-07 19:54:43.601] [info]  Migrator DeleteBiometricPromptCancelledData (to version 46) should migrate: false - up
[2025-02-07 19:54:43.601] [info]  Migrator MoveDesktopSettingsMigrator (to version 47) should migrate: false - up
[2025-02-07 19:54:43.601] [info]  Migrator MoveDdgToStateProviderMigrator (to version 48) should migrate: false - up
[2025-02-07 19:54:43.601] [info]  Migrator AccountServerConfigMigrator (to version 49) should migrate: false - up
[2025-02-07 19:54:43.601] [info]  Migrator KeyConnectorMigrator (to version 50) should migrate: false - up
[2025-02-07 19:54:43.602] [info]  Migrator RememberedEmailMigrator (to version 51) should migrate: false - up
[2025-02-07 19:54:43.602] [info]  Migrator DeleteInstalledVersion (to version 52) should migrate: false - up
[2025-02-07 19:54:43.602] [info]  Migrator DeviceTrustServiceStateProviderMigrator (to version 53) should migrate: false - up
[2025-02-07 19:54:43.602] [info]  Migrator SendMigrator (to version 54) should migrate: false - up
[2025-02-07 19:54:43.602] [info]  Migrator MoveMasterKeyStateToProviderMigrator (to version 55) should migrate: false - up
[2025-02-07 19:54:43.603] [info]  Migrator AuthRequestMigrator (to version 56) should migrate: false - up
[2025-02-07 19:54:43.603] [info]  Migrator CipherServiceMigrator (to version 57) should migrate: false - up
[2025-02-07 19:54:43.603] [info]  Migrator RemoveRefreshTokenMigratedFlagMigrator (to version 58) should migrate: false - up
[2025-02-07 19:54:43.603] [info]  Migrator KdfConfigMigrator (to version 59) should migrate: false - up
[2025-02-07 19:54:43.603] [info]  Migrator KnownAccountsMigrator (to version 60) should migrate: false - up
[2025-02-07 19:54:43.603] [info]  Migrator PinStateMigrator (to version 61) should migrate: false - up
[2025-02-07 19:54:43.603] [info]  Migrator VaultTimeoutSettingsServiceStateProviderMigrator (to version 62) should migrate: false - up
[2025-02-07 19:54:43.604] [info]  Migrator PasswordOptionsMigrator (to version 63) should migrate: false - up
[2025-02-07 19:54:43.604] [info]  Migrator GeneratorHistoryMigrator (to version 64) should migrate: false - up
[2025-02-07 19:54:43.604] [info]  Migrator ForwarderOptionsMigrator (to version 65) should migrate: false - up
[2025-02-07 19:54:43.604] [info]  Migrator MoveFinalDesktopSettingsMigrator (to version 66) should migrate: false - up
[2025-02-07 19:54:43.604] [info]  Migrator RemoveUnassignedItemsBannerDismissed (to version 67) should migrate: false - up
[2025-02-07 19:54:43.605] [info]  Migrator MoveLastSyncDate (to version 68) should migrate: false - up
[2025-02-07 19:54:43.820] [info]  Coredumps are disabled in renderer process
[2025-02-07 19:54:44.778] [info]  State version: 68
[2025-02-07 19:54:44.791] [info]  Error: The name is not activatable
[2025-02-07 19:54:44.909] [info]  Retrieving application id
[2025-02-07 19:54:47.229] [info]  Retrieving application id
[2025-02-07 19:54:54.786] [info]  Retrieving application id
[2025-02-07 19:54:55.266] [info]  Error: The name is not activatable
[2025-02-07 19:54:55.274] [info]  Error: The name is not activatable
[2025-02-07 19:54:55.279] [info]  Error: The name is not activatable
[2025-02-07 19:54:55.281] [error] SetAccessToken: storing encrypted access token in secure storage failed. Falling back to disk storage. Error: New Access token key unable to be retrieved from secure storage.
[2025-02-07 19:54:55.294] [info]  Error: The name is not activatable
[2025-02-07 19:54:55.300] [info]  Error: The name is not activatable
[2025-02-07 19:54:55.302] [error] SetRefreshToken: storing refresh token in secure storage failed. Falling back to disk storage. Error: Refresh token failed to save to secure storage.
[2025-02-07 19:54:55.363] [info]  Error: The name is not activatable
[2025-02-07 19:54:55.369] [info]  Error: The name is not activatable
[2025-02-07 19:54:55.370] [info]  Error: The name is not activatable
[2025-02-07 19:54:55.373] [info]  Error: The name is not activatable
[2025-02-07 19:54:55.376] [info]  Error: The name is not activatable
[2025-02-07 19:54:55.388] [info]  Error: The name is not activatable
[2025-02-07 19:54:55.430] [info]  Error: The name is not activatable
[2025-02-07 19:54:55.440] [info]  Error: The name is not activatable
[2025-02-07 19:54:55.444] [info]  Error: The name is not activatable
[2025-02-07 19:54:55.470] [info]  Error: The name is not activatable
[2025-02-07 19:54:55.493] [info]  Error: The name is not activatable
[2025-02-07 19:54:55.665] [info]  Error: The name is not activatable
[2025-02-07 19:54:55.673] [info]  Finished search indexing
[2025-02-07 19:54:55.675] [info]  Error: The name is not activatable
[2025-02-07 19:54:55.678] [info]  Error: The name is not activatable
[2025-02-07 19:54:55.680] [error] SetAccessToken: storing encrypted access token in secure storage failed. Falling back to disk storage. Error: New Access token key unable to be retrieved from secure storage.
[2025-02-07 19:54:55.691] [info]  Error: The name is not activatable
[2025-02-07 19:54:55.696] [info]  Error: The name is not activatable
[2025-02-07 19:54:55.697] [error] SetRefreshToken: storing refresh token in secure storage failed. Falling back to disk storage. Error: Refresh token failed to save to secure storage.
[2025-02-07 19:54:55.708] [info]  Error: The name is not activatable
[2025-02-07 19:54:55.713] [info]  Error: The name is not activatable
[2025-02-07 19:54:56.146] [info]  Error: The name is not activatable
[2025-02-07 19:54:56.250] [info]  Starting decryption using multithreading with 1 workers for 20 items
[2025-02-07 19:54:56.380] [info]  Finished decrypting 20 items using 1 workers
[2025-02-07 19:54:56.402] [info]  Finished search indexing
[2025-02-09 14:12:51.328] [info]  State version: 68
[2025-02-09 14:12:51.335] [info]  Migrator MinVersionMigrator (to version 3) should migrate: false - up
[2025-02-09 14:12:51.336] [info]  Migrator RemoveEverBeenUnlockedMigrator (to version 4) should migrate: false - up
[2025-02-09 14:12:51.336] [info]  Migrator AddKeyTypeToOrgKeysMigrator (to version 5) should migrate: false - up
[2025-02-09 14:12:51.337] [info]  Migrator RemoveLegacyEtmKeyMigrator (to version 6) should migrate: false - up
[2025-02-09 14:12:51.337] [info]  Migrator MoveBiometricAutoPromptToAccount (to version 7) should migrate: false - up
[2025-02-09 14:12:51.337] [info]  Migrator MoveStateVersionMigrator (to version 8) should migrate: false - up
[2025-02-09 14:12:51.338] [info]  Migrator MoveBrowserSettingsToGlobal (to version 9) should migrate: false - up
[2025-02-09 14:12:51.338] [info]  Migrator EverHadUserKeyMigrator (to version 10) should migrate: false - up
[2025-02-09 14:12:51.338] [info]  Migrator OrganizationKeyMigrator (to version 11) should migrate: false - up
[2025-02-09 14:12:51.339] [info]  Migrator MoveEnvironmentStateToProviders (to version 12) should migrate: false - up
[2025-02-09 14:12:51.339] [info]  Migrator ProviderKeyMigrator (to version 13) should migrate: false - up
[2025-02-09 14:12:51.339] [info]  Migrator MoveBiometricClientKeyHalfToStateProviders (to version 14) should migrate: false - up
[2025-02-09 14:12:51.339] [info]  Migrator FolderMigrator (to version 15) should migrate: false - up
[2025-02-09 14:12:51.340] [info]  Migrator LastSyncMigrator (to version 16) should migrate: false - up
[2025-02-09 14:12:51.340] [info]  Migrator EnablePasskeysMigrator (to version 17) should migrate: false - up
[2025-02-09 14:12:51.340] [info]  Migrator AutofillSettingsKeyMigrator (to version 18) should migrate: false - up
[2025-02-09 14:12:51.340] [info]  Migrator RequirePasswordOnStartMigrator (to version 19) should migrate: false - up
[2025-02-09 14:12:51.340] [info]  Migrator PrivateKeyMigrator (to version 20) should migrate: false - up
[2025-02-09 14:12:51.341] [info]  Migrator CollectionMigrator (to version 21) should migrate: false - up
[2025-02-09 14:12:51.341] [info]  Migrator CollapsedGroupingsMigrator (to version 22) should migrate: false - up
[2025-02-09 14:12:51.341] [info]  Migrator MoveBiometricPromptsToStateProviders (to version 23) should migrate: false - up
[2025-02-09 14:12:51.341] [info]  Migrator SmOnboardingTasksMigrator (to version 24) should migrate: false - up
[2025-02-09 14:12:51.341] [info]  Migrator ClearClipboardDelayMigrator (to version 25) should migrate: false - up
[2025-02-09 14:12:51.342] [info]  Migrator RevertLastSyncMigrator (to version 26) should migrate: false - up
[2025-02-09 14:12:51.342] [info]  Migrator BadgeSettingsMigrator (to version 27) should migrate: false - up
[2025-02-09 14:12:51.342] [info]  Migrator MoveBiometricUnlockToStateProviders (to version 28) should migrate: false - up
[2025-02-09 14:12:51.342] [info]  Migrator UserNotificationSettingsKeyMigrator (to version 29) should migrate: false - up
[2025-02-09 14:12:51.342] [info]  Migrator PolicyMigrator (to version 30) should migrate: false - up
[2025-02-09 14:12:51.342] [info]  Migrator EnableContextMenuMigrator (to version 31) should migrate: false - up
[2025-02-09 14:12:51.343] [info]  Migrator PreferredLanguageMigrator (to version 32) should migrate: false - up
[2025-02-09 14:12:51.343] [info]  Migrator AppIdMigrator (to version 33) should migrate: false - up
[2025-02-09 14:12:51.343] [info]  Migrator DomainSettingsMigrator (to version 34) should migrate: false - up
[2025-02-09 14:12:51.343] [info]  Migrator MoveThemeToStateProviderMigrator (to version 35) should migrate: false - up
[2025-02-09 14:12:51.344] [info]  Migrator VaultSettingsKeyMigrator (to version 36) should migrate: false - up
[2025-02-09 14:12:51.344] [info]  Migrator AvatarColorMigrator (to version 37) should migrate: false - up
[2025-02-09 14:12:51.344] [info]  Migrator TokenServiceStateProviderMigrator (to version 38) should migrate: false - up
[2025-02-09 14:12:51.344] [info]  Migrator MoveBillingAccountProfileMigrator (to version 39) should migrate: false - up
[2025-02-09 14:12:51.344] [info]  Migrator OrganizationMigrator (to version 40) should migrate: false - up
[2025-02-09 14:12:51.345] [info]  Migrator EventCollectionMigrator (to version 41) should migrate: false - up
[2025-02-09 14:12:51.345] [info]  Migrator EnableFaviconMigrator (to version 42) should migrate: false - up
[2025-02-09 14:12:51.345] [info]  Migrator AutoConfirmFingerPrintsMigrator (to version 43) should migrate: false - up
[2025-02-09 14:12:51.345] [info]  Migrator UserDecryptionOptionsMigrator (to version 44) should migrate: false - up
[2025-02-09 14:12:51.345] [info]  Migrator MergeEnvironmentState (to version 45) should migrate: false - up
[2025-02-09 14:12:51.345] [info]  Migrator DeleteBiometricPromptCancelledData (to version 46) should migrate: false - up
[2025-02-09 14:12:51.346] [info]  Migrator MoveDesktopSettingsMigrator (to version 47) should migrate: false - up
[2025-02-09 14:12:51.346] [info]  Migrator MoveDdgToStateProviderMigrator (to version 48) should migrate: false - up
[2025-02-09 14:12:51.346] [info]  Migrator AccountServerConfigMigrator (to version 49) should migrate: false - up
[2025-02-09 14:12:51.346] [info]  Migrator KeyConnectorMigrator (to version 50) should migrate: false - up
[2025-02-09 14:12:51.346] [info]  Migrator RememberedEmailMigrator (to version 51) should migrate: false - up
[2025-02-09 14:12:51.346] [info]  Migrator DeleteInstalledVersion (to version 52) should migrate: false - up
[2025-02-09 14:12:51.347] [info]  Migrator DeviceTrustServiceStateProviderMigrator (to version 53) should migrate: false - up
[2025-02-09 14:12:51.347] [info]  Migrator SendMigrator (to version 54) should migrate: false - up
[2025-02-09 14:12:51.347] [info]  Migrator MoveMasterKeyStateToProviderMigrator (to version 55) should migrate: false - up
[2025-02-09 14:12:51.347] [info]  Migrator AuthRequestMigrator (to version 56) should migrate: false - up
[2025-02-09 14:12:51.347] [info]  Migrator CipherServiceMigrator (to version 57) should migrate: false - up
[2025-02-09 14:12:51.347] [info]  Migrator RemoveRefreshTokenMigratedFlagMigrator (to version 58) should migrate: false - up
[2025-02-09 14:12:51.348] [info]  Migrator KdfConfigMigrator (to version 59) should migrate: false - up
[2025-02-09 14:12:51.348] [info]  Migrator KnownAccountsMigrator (to version 60) should migrate: false - up
[2025-02-09 14:12:51.348] [info]  Migrator PinStateMigrator (to version 61) should migrate: false - up
[2025-02-09 14:12:51.348] [info]  Migrator VaultTimeoutSettingsServiceStateProviderMigrator (to version 62) should migrate: false - up
[2025-02-09 14:12:51.348] [info]  Migrator PasswordOptionsMigrator (to version 63) should migrate: false - up
[2025-02-09 14:12:51.349] [info]  Migrator GeneratorHistoryMigrator (to version 64) should migrate: false - up
[2025-02-09 14:12:51.349] [info]  Migrator ForwarderOptionsMigrator (to version 65) should migrate: false - up
[2025-02-09 14:12:51.349] [info]  Migrator MoveFinalDesktopSettingsMigrator (to version 66) should migrate: false - up
[2025-02-09 14:12:51.349] [info]  Migrator RemoveUnassignedItemsBannerDismissed (to version 67) should migrate: false - up
[2025-02-09 14:12:51.349] [info]  Migrator MoveLastSyncDate (to version 68) should migrate: false - up
[2025-02-09 14:12:51.533] [info]  Coredumps are disabled in renderer process
[2025-02-09 14:12:52.786] [info]  State version: 68
[2025-02-09 14:12:52.802] [info]  Error: The name is not activatable
[2025-02-09 14:12:52.894] [info]  Error: The name is not activatable
[2025-02-09 14:12:52.976] [info]  Error: The name is not activatable
[2025-02-09 14:12:53.298] [info]  Error: The name is not activatable
[2025-02-09 14:12:53.311] [info]  Error: The name is not activatable
[2025-02-09 14:12:53.318] [info]  Error: The name is not activatable
[2025-02-09 14:12:53.320] [error] SetAccessToken: storing encrypted access token in secure storage failed. Falling back to disk storage. Error: New Access token key unable to be retrieved from secure storage.
[2025-02-09 14:12:53.341] [info]  Error: The name is not activatable
[2025-02-09 14:12:53.348] [info]  Error: The name is not activatable
[2025-02-09 14:12:53.350] [error] SetRefreshToken: storing refresh token in secure storage failed. Falling back to disk storage. Error: Refresh token failed to save to secure storage.
[2025-02-09 14:12:53.363] [info]  Error: The name is not activatable
[2025-02-09 14:12:53.370] [info]  Error: The name is not activatable
[2025-02-09 14:12:53.784] [info]  Error: The name is not activatable
[2025-02-09 14:12:59.781] [info]  Error: The name is not activatable
[2025-02-09 14:12:59.785] [info]  Error: The name is not activatable
[2025-02-09 14:12:59.801] [info]  Error: The name is not activatable
[2025-02-09 14:12:59.823] [info]  Error: The name is not activatable
[2025-02-09 14:12:59.827] [info]  Error: The name is not activatable
[2025-02-09 14:12:59.828] [info]  Error: The name is not activatable
[2025-02-09 14:12:59.832] [info]  Error: The name is not activatable
[2025-02-09 14:13:00.140] [info]  Error: The name is not activatable
[2025-02-09 14:13:00.163] [info]  Error: The name is not activatable
[2025-02-09 14:13:00.191] [info]  Error: The name is not activatable
[2025-02-09 14:13:00.202] [info]  Error: The name is not activatable
[2025-02-09 14:13:00.207] [info]  Error: The name is not activatable
[2025-02-09 14:13:00.700] [info]  Starting decryption using multithreading with 1 workers for 20 items
[2025-02-09 14:13:00.844] [info]  Finished decrypting 20 items using 1 workers
[2025-02-09 14:13:00.867] [info]  Finished search indexing
[2025-02-24 20:50:53.255] [info]  State version: 68
[2025-02-24 20:50:53.263] [info]  Migrator MinVersionMigrator (to version 3) should migrate: false - up
[2025-02-24 20:50:53.263] [info]  Migrator RemoveEverBeenUnlockedMigrator (to version 4) should migrate: false - up
[2025-02-24 20:50:53.264] [info]  Migrator AddKeyTypeToOrgKeysMigrator (to version 5) should migrate: false - up
[2025-02-24 20:50:53.264] [info]  Migrator RemoveLegacyEtmKeyMigrator (to version 6) should migrate: false - up
[2025-02-24 20:50:53.264] [info]  Migrator MoveBiometricAutoPromptToAccount (to version 7) should migrate: false - up
[2025-02-24 20:50:53.265] [info]  Migrator MoveStateVersionMigrator (to version 8) should migrate: false - up
[2025-02-24 20:50:53.265] [info]  Migrator MoveBrowserSettingsToGlobal (to version 9) should migrate: false - up
[2025-02-24 20:50:53.265] [info]  Migrator EverHadUserKeyMigrator (to version 10) should migrate: false - up
[2025-02-24 20:50:53.266] [info]  Migrator OrganizationKeyMigrator (to version 11) should migrate: false - up
[2025-02-24 20:50:53.266] [info]  Migrator MoveEnvironmentStateToProviders (to version 12) should migrate: false - up
[2025-02-24 20:50:53.267] [info]  Migrator ProviderKeyMigrator (to version 13) should migrate: false - up
[2025-02-24 20:50:53.267] [info]  Migrator MoveBiometricClientKeyHalfToStateProviders (to version 14) should migrate: false - up
[2025-02-24 20:50:53.267] [info]  Migrator FolderMigrator (to version 15) should migrate: false - up
[2025-02-24 20:50:53.267] [info]  Migrator LastSyncMigrator (to version 16) should migrate: false - up
[2025-02-24 20:50:53.267] [info]  Migrator EnablePasskeysMigrator (to version 17) should migrate: false - up
[2025-02-24 20:50:53.267] [info]  Migrator AutofillSettingsKeyMigrator (to version 18) should migrate: false - up
[2025-02-24 20:50:53.268] [info]  Migrator RequirePasswordOnStartMigrator (to version 19) should migrate: false - up
[2025-02-24 20:50:53.268] [info]  Migrator PrivateKeyMigrator (to version 20) should migrate: false - up
[2025-02-24 20:50:53.268] [info]  Migrator CollectionMigrator (to version 21) should migrate: false - up
[2025-02-24 20:50:53.268] [info]  Migrator CollapsedGroupingsMigrator (to version 22) should migrate: false - up
[2025-02-24 20:50:53.268] [info]  Migrator MoveBiometricPromptsToStateProviders (to version 23) should migrate: false - up
[2025-02-24 20:50:53.269] [info]  Migrator SmOnboardingTasksMigrator (to version 24) should migrate: false - up
[2025-02-24 20:50:53.269] [info]  Migrator ClearClipboardDelayMigrator (to version 25) should migrate: false - up
[2025-02-24 20:50:53.269] [info]  Migrator RevertLastSyncMigrator (to version 26) should migrate: false - up
[2025-02-24 20:50:53.269] [info]  Migrator BadgeSettingsMigrator (to version 27) should migrate: false - up
[2025-02-24 20:50:53.269] [info]  Migrator MoveBiometricUnlockToStateProviders (to version 28) should migrate: false - up
[2025-02-24 20:50:53.270] [info]  Migrator UserNotificationSettingsKeyMigrator (to version 29) should migrate: false - up
[2025-02-24 20:50:53.270] [info]  Migrator PolicyMigrator (to version 30) should migrate: false - up
[2025-02-24 20:50:53.270] [info]  Migrator EnableContextMenuMigrator (to version 31) should migrate: false - up
[2025-02-24 20:50:53.270] [info]  Migrator PreferredLanguageMigrator (to version 32) should migrate: false - up
[2025-02-24 20:50:53.270] [info]  Migrator AppIdMigrator (to version 33) should migrate: false - up
[2025-02-24 20:50:53.271] [info]  Migrator DomainSettingsMigrator (to version 34) should migrate: false - up
[2025-02-24 20:50:53.271] [info]  Migrator MoveThemeToStateProviderMigrator (to version 35) should migrate: false - up
[2025-02-24 20:50:53.271] [info]  Migrator VaultSettingsKeyMigrator (to version 36) should migrate: false - up
[2025-02-24 20:50:53.271] [info]  Migrator AvatarColorMigrator (to version 37) should migrate: false - up
[2025-02-24 20:50:53.271] [info]  Migrator TokenServiceStateProviderMigrator (to version 38) should migrate: false - up
[2025-02-24 20:50:53.271] [info]  Migrator MoveBillingAccountProfileMigrator (to version 39) should migrate: false - up
[2025-02-24 20:50:53.272] [info]  Migrator OrganizationMigrator (to version 40) should migrate: false - up
[2025-02-24 20:50:53.272] [info]  Migrator EventCollectionMigrator (to version 41) should migrate: false - up
[2025-02-24 20:50:53.272] [info]  Migrator EnableFaviconMigrator (to version 42) should migrate: false - up
[2025-02-24 20:50:53.272] [info]  Migrator AutoConfirmFingerPrintsMigrator (to version 43) should migrate: false - up
[2025-02-24 20:50:53.272] [info]  Migrator UserDecryptionOptionsMigrator (to version 44) should migrate: false - up
[2025-02-24 20:50:53.272] [info]  Migrator MergeEnvironmentState (to version 45) should migrate: false - up
[2025-02-24 20:50:53.273] [info]  Migrator DeleteBiometricPromptCancelledData (to version 46) should migrate: false - up
[2025-02-24 20:50:53.273] [info]  Migrator MoveDesktopSettingsMigrator (to version 47) should migrate: false - up
[2025-02-24 20:50:53.273] [info]  Migrator MoveDdgToStateProviderMigrator (to version 48) should migrate: false - up
[2025-02-24 20:50:53.273] [info]  Migrator AccountServerConfigMigrator (to version 49) should migrate: false - up
[2025-02-24 20:50:53.273] [info]  Migrator KeyConnectorMigrator (to version 50) should migrate: false - up
[2025-02-24 20:50:53.274] [info]  Migrator RememberedEmailMigrator (to version 51) should migrate: false - up
[2025-02-24 20:50:53.274] [info]  Migrator DeleteInstalledVersion (to version 52) should migrate: false - up
[2025-02-24 20:50:53.274] [info]  Migrator DeviceTrustServiceStateProviderMigrator (to version 53) should migrate: false - up
[2025-02-24 20:50:53.274] [info]  Migrator SendMigrator (to version 54) should migrate: false - up
[2025-02-24 20:50:53.275] [info]  Migrator MoveMasterKeyStateToProviderMigrator (to version 55) should migrate: false - up
[2025-02-24 20:50:53.275] [info]  Migrator AuthRequestMigrator (to version 56) should migrate: false - up
[2025-02-24 20:50:53.275] [info]  Migrator CipherServiceMigrator (to version 57) should migrate: false - up
[2025-02-24 20:50:53.275] [info]  Migrator RemoveRefreshTokenMigratedFlagMigrator (to version 58) should migrate: false - up
[2025-02-24 20:50:53.275] [info]  Migrator KdfConfigMigrator (to version 59) should migrate: false - up
[2025-02-24 20:50:53.275] [info]  Migrator KnownAccountsMigrator (to version 60) should migrate: false - up
[2025-02-24 20:50:53.276] [info]  Migrator PinStateMigrator (to version 61) should migrate: false - up
[2025-02-24 20:50:53.276] [info]  Migrator VaultTimeoutSettingsServiceStateProviderMigrator (to version 62) should migrate: false - up
[2025-02-24 20:50:53.276] [info]  Migrator PasswordOptionsMigrator (to version 63) should migrate: false - up
[2025-02-24 20:50:53.276] [info]  Migrator GeneratorHistoryMigrator (to version 64) should migrate: false - up
[2025-02-24 20:50:53.276] [info]  Migrator ForwarderOptionsMigrator (to version 65) should migrate: false - up
[2025-02-24 20:50:53.276] [info]  Migrator MoveFinalDesktopSettingsMigrator (to version 66) should migrate: false - up
[2025-02-24 20:50:53.277] [info]  Migrator RemoveUnassignedItemsBannerDismissed (to version 67) should migrate: false - up
[2025-02-24 20:50:53.277] [info]  Migrator MoveLastSyncDate (to version 68) should migrate: false - up
[2025-02-24 20:50:53.498] [info]  Coredumps are disabled in renderer process
[2025-02-24 20:50:54.827] [info]  State version: 68
[2025-02-24 20:50:54.847] [info]  Error: The name is not activatable
[2025-02-24 20:50:54.949] [info]  Error: The name is not activatable
[2025-02-24 20:50:55.048] [info]  Error: The name is not activatable
[2025-02-24 20:50:56.992] [info]  Error: The name is not activatable
[2025-02-24 20:50:57.003] [info]  Error: The name is not activatable
[2025-02-24 20:50:57.008] [info]  Error: The name is not activatable
[2025-02-24 20:50:57.010] [error] SetAccessToken: storing encrypted access token in secure storage failed. Falling back to disk storage. Error: New Access token key unable to be retrieved from secure storage.
[2025-02-24 20:50:57.022] [info]  Error: The name is not activatable
[2025-02-24 20:50:57.027] [info]  Error: The name is not activatable
[2025-02-24 20:50:57.029] [error] SetRefreshToken: storing refresh token in secure storage failed. Falling back to disk storage. Error: Refresh token failed to save to secure storage.
[2025-02-24 20:50:57.042] [info]  Error: The name is not activatable
[2025-02-24 20:50:57.049] [info]  Error: The name is not activatable
[2025-02-24 20:50:57.542] [info]  Error: The name is not activatable
[2025-02-24 20:51:00.149] [info]  Error: The name is not activatable
[2025-02-24 20:51:00.152] [info]  Error: The name is not activatable
[2025-02-24 20:51:00.164] [info]  Error: The name is not activatable
[2025-02-24 20:51:00.183] [info]  Error: The name is not activatable
[2025-02-24 20:51:00.187] [info]  Error: The name is not activatable
[2025-02-24 20:51:00.189] [info]  Error: The name is not activatable
[2025-02-24 20:51:00.197] [info]  Error: The name is not activatable
[2025-02-24 20:51:00.476] [info]  Error: The name is not activatable
[2025-02-24 20:51:00.495] [info]  Error: The name is not activatable
[2025-02-24 20:51:00.520] [info]  Error: The name is not activatable
[2025-02-24 20:51:00.532] [info]  Error: The name is not activatable
[2025-02-24 20:51:00.537] [info]  Error: The name is not activatable
[2025-02-24 20:51:00.759] [info]  Starting decryption using multithreading with 1 workers for 20 items
[2025-02-24 20:51:00.920] [info]  Finished decrypting 20 items using 1 workers
[2025-02-24 20:51:00.949] [info]  Finished search indexing
[2025-03-01 08:09:01.491] [info]  State version: 68
[2025-03-01 08:09:01.499] [info]  Migrator MinVersionMigrator (to version 3) should migrate: false - up
[2025-03-01 08:09:01.499] [info]  Migrator RemoveEverBeenUnlockedMigrator (to version 4) should migrate: false - up
[2025-03-01 08:09:01.500] [info]  Migrator AddKeyTypeToOrgKeysMigrator (to version 5) should migrate: false - up
[2025-03-01 08:09:01.500] [info]  Migrator RemoveLegacyEtmKeyMigrator (to version 6) should migrate: false - up
[2025-03-01 08:09:01.500] [info]  Migrator MoveBiometricAutoPromptToAccount (to version 7) should migrate: false - up
[2025-03-01 08:09:01.501] [info]  Migrator MoveStateVersionMigrator (to version 8) should migrate: false - up
[2025-03-01 08:09:01.501] [info]  Migrator MoveBrowserSettingsToGlobal (to version 9) should migrate: false - up
[2025-03-01 08:09:01.501] [info]  Migrator EverHadUserKeyMigrator (to version 10) should migrate: false - up
[2025-03-01 08:09:01.502] [info]  Migrator OrganizationKeyMigrator (to version 11) should migrate: false - up
[2025-03-01 08:09:01.502] [info]  Migrator MoveEnvironmentStateToProviders (to version 12) should migrate: false - up
[2025-03-01 08:09:01.502] [info]  Migrator ProviderKeyMigrator (to version 13) should migrate: false - up
[2025-03-01 08:09:01.502] [info]  Migrator MoveBiometricClientKeyHalfToStateProviders (to version 14) should migrate: false - up
[2025-03-01 08:09:01.503] [info]  Migrator FolderMigrator (to version 15) should migrate: false - up
[2025-03-01 08:09:01.503] [info]  Migrator LastSyncMigrator (to version 16) should migrate: false - up
[2025-03-01 08:09:01.503] [info]  Migrator EnablePasskeysMigrator (to version 17) should migrate: false - up
[2025-03-01 08:09:01.503] [info]  Migrator AutofillSettingsKeyMigrator (to version 18) should migrate: false - up
[2025-03-01 08:09:01.503] [info]  Migrator RequirePasswordOnStartMigrator (to version 19) should migrate: false - up
[2025-03-01 08:09:01.504] [info]  Migrator PrivateKeyMigrator (to version 20) should migrate: false - up
[2025-03-01 08:09:01.504] [info]  Migrator CollectionMigrator (to version 21) should migrate: false - up
[2025-03-01 08:09:01.504] [info]  Migrator CollapsedGroupingsMigrator (to version 22) should migrate: false - up
[2025-03-01 08:09:01.504] [info]  Migrator MoveBiometricPromptsToStateProviders (to version 23) should migrate: false - up
[2025-03-01 08:09:01.504] [info]  Migrator SmOnboardingTasksMigrator (to version 24) should migrate: false - up
[2025-03-01 08:09:01.505] [info]  Migrator ClearClipboardDelayMigrator (to version 25) should migrate: false - up
[2025-03-01 08:09:01.505] [info]  Migrator RevertLastSyncMigrator (to version 26) should migrate: false - up
[2025-03-01 08:09:01.505] [info]  Migrator BadgeSettingsMigrator (to version 27) should migrate: false - up
[2025-03-01 08:09:01.505] [info]  Migrator MoveBiometricUnlockToStateProviders (to version 28) should migrate: false - up
[2025-03-01 08:09:01.505] [info]  Migrator UserNotificationSettingsKeyMigrator (to version 29) should migrate: false - up
[2025-03-01 08:09:01.506] [info]  Migrator PolicyMigrator (to version 30) should migrate: false - up
[2025-03-01 08:09:01.506] [info]  Migrator EnableContextMenuMigrator (to version 31) should migrate: false - up
[2025-03-01 08:09:01.506] [info]  Migrator PreferredLanguageMigrator (to version 32) should migrate: false - up
[2025-03-01 08:09:01.506] [info]  Migrator AppIdMigrator (to version 33) should migrate: false - up
[2025-03-01 08:09:01.506] [info]  Migrator DomainSettingsMigrator (to version 34) should migrate: false - up
[2025-03-01 08:09:01.507] [info]  Migrator MoveThemeToStateProviderMigrator (to version 35) should migrate: false - up
[2025-03-01 08:09:01.507] [info]  Migrator VaultSettingsKeyMigrator (to version 36) should migrate: false - up
[2025-03-01 08:09:01.507] [info]  Migrator AvatarColorMigrator (to version 37) should migrate: false - up
[2025-03-01 08:09:01.507] [info]  Migrator TokenServiceStateProviderMigrator (to version 38) should migrate: false - up
[2025-03-01 08:09:01.507] [info]  Migrator MoveBillingAccountProfileMigrator (to version 39) should migrate: false - up
[2025-03-01 08:09:01.508] [info]  Migrator OrganizationMigrator (to version 40) should migrate: false - up
[2025-03-01 08:09:01.508] [info]  Migrator EventCollectionMigrator (to version 41) should migrate: false - up
[2025-03-01 08:09:01.508] [info]  Migrator EnableFaviconMigrator (to version 42) should migrate: false - up
[2025-03-01 08:09:01.508] [info]  Migrator AutoConfirmFingerPrintsMigrator (to version 43) should migrate: false - up
[2025-03-01 08:09:01.508] [info]  Migrator UserDecryptionOptionsMigrator (to version 44) should migrate: false - up
[2025-03-01 08:09:01.509] [info]  Migrator MergeEnvironmentState (to version 45) should migrate: false - up
[2025-03-01 08:09:01.509] [info]  Migrator DeleteBiometricPromptCancelledData (to version 46) should migrate: false - up
[2025-03-01 08:09:01.509] [info]  Migrator MoveDesktopSettingsMigrator (to version 47) should migrate: false - up
[2025-03-01 08:09:01.509] [info]  Migrator MoveDdgToStateProviderMigrator (to version 48) should migrate: false - up
[2025-03-01 08:09:01.509] [info]  Migrator AccountServerConfigMigrator (to version 49) should migrate: false - up
[2025-03-01 08:09:01.509] [info]  Migrator KeyConnectorMigrator (to version 50) should migrate: false - up
[2025-03-01 08:09:01.510] [info]  Migrator RememberedEmailMigrator (to version 51) should migrate: false - up
[2025-03-01 08:09:01.510] [info]  Migrator DeleteInstalledVersion (to version 52) should migrate: false - up
[2025-03-01 08:09:01.510] [info]  Migrator DeviceTrustServiceStateProviderMigrator (to version 53) should migrate: false - up
[2025-03-01 08:09:01.510] [info]  Migrator SendMigrator (to version 54) should migrate: false - up
[2025-03-01 08:09:01.510] [info]  Migrator MoveMasterKeyStateToProviderMigrator (to version 55) should migrate: false - up
[2025-03-01 08:09:01.510] [info]  Migrator AuthRequestMigrator (to version 56) should migrate: false - up
[2025-03-01 08:09:01.511] [info]  Migrator CipherServiceMigrator (to version 57) should migrate: false - up
[2025-03-01 08:09:01.511] [info]  Migrator RemoveRefreshTokenMigratedFlagMigrator (to version 58) should migrate: false - up
[2025-03-01 08:09:01.511] [info]  Migrator KdfConfigMigrator (to version 59) should migrate: false - up
[2025-03-01 08:09:01.511] [info]  Migrator KnownAccountsMigrator (to version 60) should migrate: false - up
[2025-03-01 08:09:01.511] [info]  Migrator PinStateMigrator (to version 61) should migrate: false - up
[2025-03-01 08:09:01.511] [info]  Migrator VaultTimeoutSettingsServiceStateProviderMigrator (to version 62) should migrate: false - up
[2025-03-01 08:09:01.512] [info]  Migrator PasswordOptionsMigrator (to version 63) should migrate: false - up
[2025-03-01 08:09:01.512] [info]  Migrator GeneratorHistoryMigrator (to version 64) should migrate: false - up
[2025-03-01 08:09:01.512] [info]  Migrator ForwarderOptionsMigrator (to version 65) should migrate: false - up
[2025-03-01 08:09:01.512] [info]  Migrator MoveFinalDesktopSettingsMigrator (to version 66) should migrate: false - up
[2025-03-01 08:09:01.512] [info]  Migrator RemoveUnassignedItemsBannerDismissed (to version 67) should migrate: false - up
[2025-03-01 08:09:01.512] [info]  Migrator MoveLastSyncDate (to version 68) should migrate: false - up
[2025-03-01 08:09:01.701] [info]  Coredumps are disabled in renderer process
[2025-03-01 08:09:02.939] [info]  State version: 68
[2025-03-01 08:09:02.957] [info]  Error: The name is not activatable
[2025-03-01 08:09:03.054] [info]  Error: The name is not activatable
[2025-03-01 08:09:03.175] [info]  Error: The name is not activatable
[2025-03-01 08:09:03.444] [info]  Error: The name is not activatable
[2025-03-01 08:09:03.458] [info]  Error: The name is not activatable
[2025-03-01 08:09:03.463] [info]  Error: The name is not activatable
[2025-03-01 08:09:03.465] [error] SetAccessToken: storing encrypted access token in secure storage failed. Falling back to disk storage. Error: New Access token key unable to be retrieved from secure storage.
[2025-03-01 08:09:03.491] [info]  Error: The name is not activatable
[2025-03-01 08:09:03.496] [info]  Error: The name is not activatable
[2025-03-01 08:09:03.498] [error] SetRefreshToken: storing refresh token in secure storage failed. Falling back to disk storage. Error: Refresh token failed to save to secure storage.
[2025-03-01 08:09:03.512] [info]  Error: The name is not activatable
[2025-03-01 08:09:03.518] [info]  Error: The name is not activatable
[2025-03-01 08:09:04.028] [info]  Error: The name is not activatable
[2025-03-01 08:09:07.784] [info]  Error: The name is not activatable
[2025-03-01 08:09:07.787] [info]  Error: The name is not activatable
[2025-03-01 08:09:07.801] [info]  Error: The name is not activatable
[2025-03-01 08:09:07.822] [info]  Error: The name is not activatable
[2025-03-01 08:09:07.827] [info]  Error: The name is not activatable
[2025-03-01 08:09:07.829] [info]  Error: The name is not activatable
[2025-03-01 08:09:07.836] [info]  Error: The name is not activatable
[2025-03-01 08:09:08.091] [info]  Error: The name is not activatable
[2025-03-01 08:09:08.113] [info]  Error: The name is not activatable
[2025-03-01 08:09:08.147] [info]  Error: The name is not activatable
[2025-03-01 08:09:08.159] [info]  Error: The name is not activatable
[2025-03-01 08:09:08.164] [info]  Error: The name is not activatable
[2025-03-01 08:09:08.367] [info]  Starting decryption using multithreading with 1 workers for 20 items
[2025-03-01 08:09:08.527] [info]  Finished decrypting 20 items using 1 workers
[2025-03-01 08:09:08.555] [info]  Finished search indexing
[2025-04-01 11:03:49.874] [info]  State version: 68
[2025-04-01 11:03:49.883] [info]  Migrator MinVersionMigrator (to version 3) should migrate: false - up
[2025-04-01 11:03:49.883] [info]  Migrator RemoveEverBeenUnlockedMigrator (to version 4) should migrate: false - up
[2025-04-01 11:03:49.884] [info]  Migrator AddKeyTypeToOrgKeysMigrator (to version 5) should migrate: false - up
[2025-04-01 11:03:49.884] [info]  Migrator RemoveLegacyEtmKeyMigrator (to version 6) should migrate: false - up
[2025-04-01 11:03:49.884] [info]  Migrator MoveBiometricAutoPromptToAccount (to version 7) should migrate: false - up
[2025-04-01 11:03:49.885] [info]  Migrator MoveStateVersionMigrator (to version 8) should migrate: false - up
[2025-04-01 11:03:49.885] [info]  Migrator MoveBrowserSettingsToGlobal (to version 9) should migrate: false - up
[2025-04-01 11:03:49.885] [info]  Migrator EverHadUserKeyMigrator (to version 10) should migrate: false - up
[2025-04-01 11:03:49.886] [info]  Migrator OrganizationKeyMigrator (to version 11) should migrate: false - up
[2025-04-01 11:03:49.886] [info]  Migrator MoveEnvironmentStateToProviders (to version 12) should migrate: false - up
[2025-04-01 11:03:49.886] [info]  Migrator ProviderKeyMigrator (to version 13) should migrate: false - up
[2025-04-01 11:03:49.886] [info]  Migrator MoveBiometricClientKeyHalfToStateProviders (to version 14) should migrate: false - up
[2025-04-01 11:03:49.887] [info]  Migrator FolderMigrator (to version 15) should migrate: false - up
[2025-04-01 11:03:49.887] [info]  Migrator LastSyncMigrator (to version 16) should migrate: false - up
[2025-04-01 11:03:49.887] [info]  Migrator EnablePasskeysMigrator (to version 17) should migrate: false - up
[2025-04-01 11:03:49.887] [info]  Migrator AutofillSettingsKeyMigrator (to version 18) should migrate: false - up
[2025-04-01 11:03:49.887] [info]  Migrator RequirePasswordOnStartMigrator (to version 19) should migrate: false - up
[2025-04-01 11:03:49.888] [info]  Migrator PrivateKeyMigrator (to version 20) should migrate: false - up
[2025-04-01 11:03:49.888] [info]  Migrator CollectionMigrator (to version 21) should migrate: false - up
[2025-04-01 11:03:49.888] [info]  Migrator CollapsedGroupingsMigrator (to version 22) should migrate: false - up
[2025-04-01 11:03:49.888] [info]  Migrator MoveBiometricPromptsToStateProviders (to version 23) should migrate: false - up
[2025-04-01 11:03:49.888] [info]  Migrator SmOnboardingTasksMigrator (to version 24) should migrate: false - up
[2025-04-01 11:03:49.889] [info]  Migrator ClearClipboardDelayMigrator (to version 25) should migrate: false - up
[2025-04-01 11:03:49.889] [info]  Migrator RevertLastSyncMigrator (to version 26) should migrate: false - up
[2025-04-01 11:03:49.889] [info]  Migrator BadgeSettingsMigrator (to version 27) should migrate: false - up
[2025-04-01 11:03:49.889] [info]  Migrator MoveBiometricUnlockToStateProviders (to version 28) should migrate: false - up
[2025-04-01 11:03:49.889] [info]  Migrator UserNotificationSettingsKeyMigrator (to version 29) should migrate: false - up
[2025-04-01 11:03:49.890] [info]  Migrator PolicyMigrator (to version 30) should migrate: false - up
[2025-04-01 11:03:49.890] [info]  Migrator EnableContextMenuMigrator (to version 31) should migrate: false - up
[2025-04-01 11:03:49.890] [info]  Migrator PreferredLanguageMigrator (to version 32) should migrate: false - up
[2025-04-01 11:03:49.890] [info]  Migrator AppIdMigrator (to version 33) should migrate: false - up
[2025-04-01 11:03:49.890] [info]  Migrator DomainSettingsMigrator (to version 34) should migrate: false - up
[2025-04-01 11:03:49.891] [info]  Migrator MoveThemeToStateProviderMigrator (to version 35) should migrate: false - up
[2025-04-01 11:03:49.891] [info]  Migrator VaultSettingsKeyMigrator (to version 36) should migrate: false - up
[2025-04-01 11:03:49.891] [info]  Migrator AvatarColorMigrator (to version 37) should migrate: false - up
[2025-04-01 11:03:49.891] [info]  Migrator TokenServiceStateProviderMigrator (to version 38) should migrate: false - up
[2025-04-01 11:03:49.891] [info]  Migrator MoveBillingAccountProfileMigrator (to version 39) should migrate: false - up
[2025-04-01 11:03:49.892] [info]  Migrator OrganizationMigrator (to version 40) should migrate: false - up
[2025-04-01 11:03:49.892] [info]  Migrator EventCollectionMigrator (to version 41) should migrate: false - up
[2025-04-01 11:03:49.892] [info]  Migrator EnableFaviconMigrator (to version 42) should migrate: false - up
[2025-04-01 11:03:49.892] [info]  Migrator AutoConfirmFingerPrintsMigrator (to version 43) should migrate: false - up
[2025-04-01 11:03:49.892] [info]  Migrator UserDecryptionOptionsMigrator (to version 44) should migrate: false - up
[2025-04-01 11:03:49.893] [info]  Migrator MergeEnvironmentState (to version 45) should migrate: false - up
[2025-04-01 11:03:49.893] [info]  Migrator DeleteBiometricPromptCancelledData (to version 46) should migrate: false - up
[2025-04-01 11:03:49.893] [info]  Migrator MoveDesktopSettingsMigrator (to version 47) should migrate: false - up
[2025-04-01 11:03:49.893] [info]  Migrator MoveDdgToStateProviderMigrator (to version 48) should migrate: false - up
[2025-04-01 11:03:49.893] [info]  Migrator AccountServerConfigMigrator (to version 49) should migrate: false - up
[2025-04-01 11:03:49.894] [info]  Migrator KeyConnectorMigrator (to version 50) should migrate: false - up
[2025-04-01 11:03:49.894] [info]  Migrator RememberedEmailMigrator (to version 51) should migrate: false - up
[2025-04-01 11:03:49.894] [info]  Migrator DeleteInstalledVersion (to version 52) should migrate: false - up
[2025-04-01 11:03:49.894] [info]  Migrator DeviceTrustServiceStateProviderMigrator (to version 53) should migrate: false - up
[2025-04-01 11:03:49.894] [info]  Migrator SendMigrator (to version 54) should migrate: false - up
[2025-04-01 11:03:49.895] [info]  Migrator MoveMasterKeyStateToProviderMigrator (to version 55) should migrate: false - up
[2025-04-01 11:03:49.895] [info]  Migrator AuthRequestMigrator (to version 56) should migrate: false - up
[2025-04-01 11:03:49.895] [info]  Migrator CipherServiceMigrator (to version 57) should migrate: false - up
[2025-04-01 11:03:49.895] [info]  Migrator RemoveRefreshTokenMigratedFlagMigrator (to version 58) should migrate: false - up
[2025-04-01 11:03:49.895] [info]  Migrator KdfConfigMigrator (to version 59) should migrate: false - up
[2025-04-01 11:03:49.896] [info]  Migrator KnownAccountsMigrator (to version 60) should migrate: false - up
[2025-04-01 11:03:49.896] [info]  Migrator PinStateMigrator (to version 61) should migrate: false - up
[2025-04-01 11:03:49.896] [info]  Migrator VaultTimeoutSettingsServiceStateProviderMigrator (to version 62) should migrate: false - up
[2025-04-01 11:03:49.896] [info]  Migrator PasswordOptionsMigrator (to version 63) should migrate: false - up
[2025-04-01 11:03:49.896] [info]  Migrator GeneratorHistoryMigrator (to version 64) should migrate: false - up
[2025-04-01 11:03:49.896] [info]  Migrator ForwarderOptionsMigrator (to version 65) should migrate: false - up
[2025-04-01 11:03:49.897] [info]  Migrator MoveFinalDesktopSettingsMigrator (to version 66) should migrate: false - up
[2025-04-01 11:03:49.897] [info]  Migrator RemoveUnassignedItemsBannerDismissed (to version 67) should migrate: false - up
[2025-04-01 11:03:49.897] [info]  Migrator MoveLastSyncDate (to version 68) should migrate: false - up
[2025-04-01 11:03:50.117] [info]  Coredumps are disabled in renderer process
[2025-04-01 11:03:51.501] [info]  State version: 68
[2025-04-01 11:03:51.517] [info]  Error: The name is not activatable
[2025-04-01 11:03:51.650] [info]  Error: The name is not activatable
[2025-04-01 11:03:51.751] [info]  Error: The name is not activatable
[2025-04-01 11:03:52.199] [error] Error refreshing access token:  null
[2025-04-01 11:03:52.224] [info]  Error: The name is not activatable
[2025-04-01 11:03:52.235] [info]  Error: The name is not activatable
[2025-04-01 11:03:52.441] [info]  Error: The name is not activatable
[2025-04-01 11:03:52.441] [info]  Error: The name is not activatable
[2025-04-01 11:03:52.477] [info]  Error: The name is not activatable
[2025-04-01 11:03:52.480] [info]  Error: The name is not activatable
[2025-04-01 11:03:52.483] [info]  Error: The name is not activatable
[2025-04-01 11:03:52.485] [info]  Error: The name is not activatable
[2025-04-01 11:03:52.536] [info]  Retrieving application id
[2025-04-01 11:03:52.548] [info]  Reloading render process
[2025-04-01 11:03:52.736] [info]  Render process reloaded
[2025-04-01 11:03:53.444] [info]  State version: 68
[2025-04-01 11:03:53.453] [info]  Error: The name is not activatable
[2025-04-01 11:03:53.554] [info]  Retrieving application id
[2025-04-01 11:03:56.240] [info]  Retrieving application id
[2025-04-01 11:04:01.179] [info]  Retrieving application id
[2025-04-01 11:04:01.925] [info]  Error: The name is not activatable
[2025-04-01 11:04:01.935] [info]  Error: The name is not activatable
[2025-04-01 11:04:01.941] [info]  Error: The name is not activatable
[2025-04-01 11:04:01.944] [error] SetAccessToken: storing encrypted access token in secure storage failed. Falling back to disk storage. Error: New Access token key unable to be retrieved from secure storage.
[2025-04-01 11:04:01.958] [info]  Error: The name is not activatable
[2025-04-01 11:04:01.963] [info]  Error: The name is not activatable
[2025-04-01 11:04:01.965] [error] SetRefreshToken: storing refresh token in secure storage failed. Falling back to disk storage. Error: Refresh token failed to save to secure storage.
[2025-04-01 11:04:02.023] [info]  Error: The name is not activatable
[2025-04-01 11:04:02.027] [info]  Error: The name is not activatable
[2025-04-01 11:04:02.029] [info]  Error: The name is not activatable
[2025-04-01 11:04:02.031] [info]  Error: The name is not activatable
[2025-04-01 11:04:02.034] [info]  Error: The name is not activatable
[2025-04-01 11:04:02.042] [info]  Error: The name is not activatable
[2025-04-01 11:04:02.043] [info]  Error: The name is not activatable
[2025-04-01 11:04:02.073] [info]  Error: The name is not activatable
[2025-04-01 11:04:02.085] [info]  Error: The name is not activatable
[2025-04-01 11:04:02.085] [info]  Error: The name is not activatable
[2025-04-01 11:04:02.108] [info]  Error: The name is not activatable
[2025-04-01 11:04:02.118] [info]  Error: The name is not activatable
[2025-04-01 11:04:02.124] [info]  Error: The name is not activatable
[2025-04-01 11:04:02.130] [info]  Error: The name is not activatable
[2025-04-01 11:04:02.306] [info]  Finished search indexing
[2025-04-01 11:04:02.338] [info]  Error: The name is not activatable
[2025-04-01 11:04:02.347] [info]  Error: The name is not activatable
[2025-04-01 11:04:02.353] [info]  Error: The name is not activatable
[2025-04-01 11:04:02.355] [error] SetAccessToken: storing encrypted access token in secure storage failed. Falling back to disk storage. Error: New Access token key unable to be retrieved from secure storage.
[2025-04-01 11:04:02.374] [info]  Error: The name is not activatable
[2025-04-01 11:04:02.379] [info]  Error: The name is not activatable
[2025-04-01 11:04:02.381] [error] SetRefreshToken: storing refresh token in secure storage failed. Falling back to disk storage. Error: Refresh token failed to save to secure storage.
[2025-04-01 11:04:02.406] [info]  Error: The name is not activatable
[2025-04-01 11:04:02.408] [info]  Error: The name is not activatable
[2025-04-01 11:04:02.412] [info]  Error: The name is not activatable
[2025-04-01 11:04:02.419] [info]  Error: The name is not activatable
[2025-04-01 11:04:02.421] [info]  Error: The name is not activatable
[2025-04-01 11:04:02.422] [info]  Error: The name is not activatable
[2025-04-01 11:04:02.423] [error] SetAccessToken: storing encrypted access token in secure storage failed. Falling back to disk storage. Error: New Access token key unable to be retrieved from secure storage.
[2025-04-01 11:04:02.423] [error] SetAccessToken: storing encrypted access token in secure storage failed. Falling back to disk storage. Error: New Access token key unable to be retrieved from secure storage.
[2025-04-01 11:04:02.435] [info]  Error: The name is not activatable
[2025-04-01 11:04:02.440] [info]  Error: The name is not activatable
[2025-04-01 11:04:02.441] [info]  Error: The name is not activatable
[2025-04-01 11:04:02.442] [error] SetRefreshToken: storing refresh token in secure storage failed. Falling back to disk storage. Error: Refresh token failed to save to secure storage.
[2025-04-01 11:04:02.448] [info]  Error: The name is not activatable
[2025-04-01 11:04:02.450] [error] SetRefreshToken: storing refresh token in secure storage failed. Falling back to disk storage. Error: Refresh token failed to save to secure storage.
[2025-04-01 11:04:02.456] [info]  Error: The name is not activatable
[2025-04-01 11:04:02.465] [info]  Error: The name is not activatable
[2025-04-01 11:04:02.472] [info]  Error: The name is not activatable
[2025-04-01 11:04:02.477] [info]  Error: The name is not activatable
[2025-04-01 11:04:02.485] [info]  Error: The name is not activatable
[2025-04-01 11:04:02.491] [info]  Error: The name is not activatable
[2025-04-01 11:04:02.492] [error] SetAccessToken: storing encrypted access token in secure storage failed. Falling back to disk storage. Error: New Access token key unable to be retrieved from secure storage.
[2025-04-01 11:04:02.505] [info]  Error: The name is not activatable
[2025-04-01 11:04:02.511] [info]  Error: The name is not activatable
[2025-04-01 11:04:02.513] [error] SetRefreshToken: storing refresh token in secure storage failed. Falling back to disk storage. Error: Refresh token failed to save to secure storage.
[2025-04-01 11:04:02.746] [info]  Error: The name is not activatable
[2025-04-01 11:04:02.754] [info]  Error: The name is not activatable
[2025-04-01 11:04:02.759] [info]  Error: The name is not activatable
[2025-04-01 11:04:02.761] [error] SetAccessToken: storing encrypted access token in secure storage failed. Falling back to disk storage. Error: New Access token key unable to be retrieved from secure storage.
[2025-04-01 11:04:02.785] [info]  Error: The name is not activatable
[2025-04-01 11:04:02.790] [info]  Error: The name is not activatable
[2025-04-01 11:04:02.791] [error] SetRefreshToken: storing refresh token in secure storage failed. Falling back to disk storage. Error: Refresh token failed to save to secure storage.
[2025-04-01 11:04:03.322] [info]  Error: The name is not activatable
[2025-04-01 11:04:03.428] [info]  Starting decryption using multithreading with 1 workers for 20 items
[2025-04-01 11:04:03.565] [info]  Finished decrypting 20 items using 1 workers
[2025-04-01 11:04:03.582] [info]  Finished search indexing
[2025-05-08 09:47:19.091] [info]  State version: 68
[2025-05-08 09:47:19.099] [info]  Migrator MinVersionMigrator (to version 3) should migrate: false - up
[2025-05-08 09:47:19.100] [info]  Migrator RemoveEverBeenUnlockedMigrator (to version 4) should migrate: false - up
[2025-05-08 09:47:19.100] [info]  Migrator AddKeyTypeToOrgKeysMigrator (to version 5) should migrate: false - up
[2025-05-08 09:47:19.100] [info]  Migrator RemoveLegacyEtmKeyMigrator (to version 6) should migrate: false - up
[2025-05-08 09:47:19.101] [info]  Migrator MoveBiometricAutoPromptToAccount (to version 7) should migrate: false - up
[2025-05-08 09:47:19.101] [info]  Migrator MoveStateVersionMigrator (to version 8) should migrate: false - up
[2025-05-08 09:47:19.101] [info]  Migrator MoveBrowserSettingsToGlobal (to version 9) should migrate: false - up
[2025-05-08 09:47:19.102] [info]  Migrator EverHadUserKeyMigrator (to version 10) should migrate: false - up
[2025-05-08 09:47:19.102] [info]  Migrator OrganizationKeyMigrator (to version 11) should migrate: false - up
[2025-05-08 09:47:19.102] [info]  Migrator MoveEnvironmentStateToProviders (to version 12) should migrate: false - up
[2025-05-08 09:47:19.103] [info]  Migrator ProviderKeyMigrator (to version 13) should migrate: false - up
[2025-05-08 09:47:19.103] [info]  Migrator MoveBiometricClientKeyHalfToStateProviders (to version 14) should migrate: false - up
[2025-05-08 09:47:19.103] [info]  Migrator FolderMigrator (to version 15) should migrate: false - up
[2025-05-08 09:47:19.103] [info]  Migrator LastSyncMigrator (to version 16) should migrate: false - up
[2025-05-08 09:47:19.103] [info]  Migrator EnablePasskeysMigrator (to version 17) should migrate: false - up
[2025-05-08 09:47:19.104] [info]  Migrator AutofillSettingsKeyMigrator (to version 18) should migrate: false - up
[2025-05-08 09:47:19.104] [info]  Migrator RequirePasswordOnStartMigrator (to version 19) should migrate: false - up
[2025-05-08 09:47:19.104] [info]  Migrator PrivateKeyMigrator (to version 20) should migrate: false - up
[2025-05-08 09:47:19.104] [info]  Migrator CollectionMigrator (to version 21) should migrate: false - up
[2025-05-08 09:47:19.104] [info]  Migrator CollapsedGroupingsMigrator (to version 22) should migrate: false - up
[2025-05-08 09:47:19.105] [info]  Migrator MoveBiometricPromptsToStateProviders (to version 23) should migrate: false - up
[2025-05-08 09:47:19.105] [info]  Migrator SmOnboardingTasksMigrator (to version 24) should migrate: false - up
[2025-05-08 09:47:19.105] [info]  Migrator ClearClipboardDelayMigrator (to version 25) should migrate: false - up
[2025-05-08 09:47:19.105] [info]  Migrator RevertLastSyncMigrator (to version 26) should migrate: false - up
[2025-05-08 09:47:19.105] [info]  Migrator BadgeSettingsMigrator (to version 27) should migrate: false - up
[2025-05-08 09:47:19.106] [info]  Migrator MoveBiometricUnlockToStateProviders (to version 28) should migrate: false - up
[2025-05-08 09:47:19.106] [info]  Migrator UserNotificationSettingsKeyMigrator (to version 29) should migrate: false - up
[2025-05-08 09:47:19.106] [info]  Migrator PolicyMigrator (to version 30) should migrate: false - up
[2025-05-08 09:47:19.106] [info]  Migrator EnableContextMenuMigrator (to version 31) should migrate: false - up
[2025-05-08 09:47:19.106] [info]  Migrator PreferredLanguageMigrator (to version 32) should migrate: false - up
[2025-05-08 09:47:19.107] [info]  Migrator AppIdMigrator (to version 33) should migrate: false - up
[2025-05-08 09:47:19.107] [info]  Migrator DomainSettingsMigrator (to version 34) should migrate: false - up
[2025-05-08 09:47:19.107] [info]  Migrator MoveThemeToStateProviderMigrator (to version 35) should migrate: false - up
[2025-05-08 09:47:19.107] [info]  Migrator VaultSettingsKeyMigrator (to version 36) should migrate: false - up
[2025-05-08 09:47:19.107] [info]  Migrator AvatarColorMigrator (to version 37) should migrate: false - up
[2025-05-08 09:47:19.108] [info]  Migrator TokenServiceStateProviderMigrator (to version 38) should migrate: false - up
[2025-05-08 09:47:19.108] [info]  Migrator MoveBillingAccountProfileMigrator (to version 39) should migrate: false - up
[2025-05-08 09:47:19.108] [info]  Migrator OrganizationMigrator (to version 40) should migrate: false - up
[2025-05-08 09:47:19.108] [info]  Migrator EventCollectionMigrator (to version 41) should migrate: false - up
[2025-05-08 09:47:19.108] [info]  Migrator EnableFaviconMigrator (to version 42) should migrate: false - up
[2025-05-08 09:47:19.108] [info]  Migrator AutoConfirmFingerPrintsMigrator (to version 43) should migrate: false - up
[2025-05-08 09:47:19.109] [info]  Migrator UserDecryptionOptionsMigrator (to version 44) should migrate: false - up
[2025-05-08 09:47:19.109] [info]  Migrator MergeEnvironmentState (to version 45) should migrate: false - up
[2025-05-08 09:47:19.109] [info]  Migrator DeleteBiometricPromptCancelledData (to version 46) should migrate: false - up
[2025-05-08 09:47:19.109] [info]  Migrator MoveDesktopSettingsMigrator (to version 47) should migrate: false - up
[2025-05-08 09:47:19.109] [info]  Migrator MoveDdgToStateProviderMigrator (to version 48) should migrate: false - up
[2025-05-08 09:47:19.109] [info]  Migrator AccountServerConfigMigrator (to version 49) should migrate: false - up
[2025-05-08 09:47:19.110] [info]  Migrator KeyConnectorMigrator (to version 50) should migrate: false - up
[2025-05-08 09:47:19.110] [info]  Migrator RememberedEmailMigrator (to version 51) should migrate: false - up
[2025-05-08 09:47:19.110] [info]  Migrator DeleteInstalledVersion (to version 52) should migrate: false - up
[2025-05-08 09:47:19.110] [info]  Migrator DeviceTrustServiceStateProviderMigrator (to version 53) should migrate: false - up
[2025-05-08 09:47:19.110] [info]  Migrator SendMigrator (to version 54) should migrate: false - up
[2025-05-08 09:47:19.111] [info]  Migrator MoveMasterKeyStateToProviderMigrator (to version 55) should migrate: false - up
[2025-05-08 09:47:19.111] [info]  Migrator AuthRequestMigrator (to version 56) should migrate: false - up
[2025-05-08 09:47:19.111] [info]  Migrator CipherServiceMigrator (to version 57) should migrate: false - up
[2025-05-08 09:47:19.111] [info]  Migrator RemoveRefreshTokenMigratedFlagMigrator (to version 58) should migrate: false - up
[2025-05-08 09:47:19.111] [info]  Migrator KdfConfigMigrator (to version 59) should migrate: false - up
[2025-05-08 09:47:19.111] [info]  Migrator KnownAccountsMigrator (to version 60) should migrate: false - up
[2025-05-08 09:47:19.112] [info]  Migrator PinStateMigrator (to version 61) should migrate: false - up
[2025-05-08 09:47:19.112] [info]  Migrator VaultTimeoutSettingsServiceStateProviderMigrator (to version 62) should migrate: false - up
[2025-05-08 09:47:19.112] [info]  Migrator PasswordOptionsMigrator (to version 63) should migrate: false - up
[2025-05-08 09:47:19.112] [info]  Migrator GeneratorHistoryMigrator (to version 64) should migrate: false - up
[2025-05-08 09:47:19.112] [info]  Migrator ForwarderOptionsMigrator (to version 65) should migrate: false - up
[2025-05-08 09:47:19.112] [info]  Migrator MoveFinalDesktopSettingsMigrator (to version 66) should migrate: false - up
[2025-05-08 09:47:19.113] [info]  Migrator RemoveUnassignedItemsBannerDismissed (to version 67) should migrate: false - up
[2025-05-08 09:47:19.113] [info]  Migrator MoveLastSyncDate (to version 68) should migrate: false - up
[2025-05-08 09:47:19.347] [info]  Coredumps are disabled in renderer process
[2025-05-08 09:47:20.873] [info]  State version: 68
[2025-05-08 09:47:20.888] [info]  Error: The name is not activatable
[2025-05-08 09:47:20.967] [info]  Error: The name is not activatable
[2025-05-08 09:47:21.469] [error] Error refreshing access token:  null
[2025-05-08 09:47:21.498] [info]  Error: The name is not activatable
[2025-05-08 09:47:21.509] [info]  Error: The name is not activatable
[2025-05-08 09:47:21.739] [info]  Error: The name is not activatable
[2025-05-08 09:47:21.740] [info]  Error: The name is not activatable
[2025-05-08 09:47:21.776] [info]  Error: The name is not activatable
[2025-05-08 09:47:21.778] [info]  Error: The name is not activatable
[2025-05-08 09:47:21.781] [info]  Error: The name is not activatable
[2025-05-08 09:47:21.783] [info]  Error: The name is not activatable
[2025-05-08 09:47:21.833] [info]  Retrieving application id
[2025-05-08 09:47:21.846] [info]  Reloading render process
[2025-05-08 09:47:22.026] [info]  Render process reloaded
[2025-05-08 09:47:22.769] [info]  State version: 68
[2025-05-08 09:47:22.780] [info]  Error: The name is not activatable
[2025-05-08 09:47:22.879] [info]  Retrieving application id
[2025-05-08 09:47:24.799] [info]  Retrieving application id
[2025-05-08 09:47:30.432] [info]  Retrieving application id
[2025-05-08 09:47:31.105] [info]  Error: The name is not activatable
[2025-05-08 09:47:31.113] [info]  Error: The name is not activatable
[2025-05-08 09:47:31.119] [info]  Error: The name is not activatable
[2025-05-08 09:47:31.121] [error] SetAccessToken: storing encrypted access token in secure storage failed. Falling back to disk storage. Error: New Access token key unable to be retrieved from secure storage.
[2025-05-08 09:47:31.134] [info]  Error: The name is not activatable
[2025-05-08 09:47:31.140] [info]  Error: The name is not activatable
[2025-05-08 09:47:31.141] [error] SetRefreshToken: storing refresh token in secure storage failed. Falling back to disk storage. Error: Refresh token failed to save to secure storage.
[2025-05-08 09:47:31.197] [info]  Error: The name is not activatable
[2025-05-08 09:47:31.201] [info]  Error: The name is not activatable
[2025-05-08 09:47:31.202] [info]  Error: The name is not activatable
[2025-05-08 09:47:31.204] [info]  Error: The name is not activatable
[2025-05-08 09:47:31.213] [info]  Error: The name is not activatable
[2025-05-08 09:47:31.219] [info]  Error: The name is not activatable
[2025-05-08 09:47:31.227] [info]  Error: The name is not activatable
[2025-05-08 09:47:31.248] [info]  Error: The name is not activatable
[2025-05-08 09:47:31.258] [info]  Error: The name is not activatable
[2025-05-08 09:47:31.263] [info]  Error: The name is not activatable
[2025-05-08 09:47:31.266] [info]  Error: The name is not activatable
[2025-05-08 09:47:31.290] [info]  Error: The name is not activatable
[2025-05-08 09:47:31.304] [info]  Error: The name is not activatable
[2025-05-08 09:47:31.314] [info]  Error: The name is not activatable
[2025-05-08 09:47:31.486] [info]  Finished search indexing
[2025-05-08 09:47:31.506] [info]  Error: The name is not activatable
[2025-05-08 09:47:31.513] [info]  Error: The name is not activatable
[2025-05-08 09:47:31.519] [info]  Error: The name is not activatable
[2025-05-08 09:47:31.521] [error] SetAccessToken: storing encrypted access token in secure storage failed. Falling back to disk storage. Error: New Access token key unable to be retrieved from secure storage.
[2025-05-08 09:47:31.540] [info]  Error: The name is not activatable
[2025-05-08 09:47:31.545] [info]  Error: The name is not activatable
[2025-05-08 09:47:31.547] [error] SetRefreshToken: storing refresh token in secure storage failed. Falling back to disk storage. Error: Refresh token failed to save to secure storage.
[2025-05-08 09:47:31.577] [info]  Error: The name is not activatable
[2025-05-08 09:47:31.585] [info]  Error: The name is not activatable
[2025-05-08 09:47:31.590] [info]  Error: The name is not activatable
[2025-05-08 09:47:31.592] [error] SetAccessToken: storing encrypted access token in secure storage failed. Falling back to disk storage. Error: New Access token key unable to be retrieved from secure storage.
[2025-05-08 09:47:31.603] [info]  Error: The name is not activatable
[2025-05-08 09:47:31.609] [info]  Error: The name is not activatable
[2025-05-08 09:47:31.610] [error] SetRefreshToken: storing refresh token in secure storage failed. Falling back to disk storage. Error: Refresh token failed to save to secure storage.
[2025-05-08 09:47:31.622] [info]  Error: The name is not activatable
[2025-05-08 09:47:31.628] [info]  Error: The name is not activatable
[2025-05-08 09:47:31.634] [info]  Error: The name is not activatable
[2025-05-08 09:47:31.670] [info]  Error: The name is not activatable
[2025-05-08 09:47:31.678] [info]  Error: The name is not activatable
[2025-05-08 09:47:31.683] [info]  Error: The name is not activatable
[2025-05-08 09:47:31.685] [error] SetAccessToken: storing encrypted access token in secure storage failed. Falling back to disk storage. Error: New Access token key unable to be retrieved from secure storage.
[2025-05-08 09:47:31.697] [info]  Error: The name is not activatable
[2025-05-08 09:47:31.702] [info]  Error: The name is not activatable
[2025-05-08 09:47:31.704] [error] SetRefreshToken: storing refresh token in secure storage failed. Falling back to disk storage. Error: Refresh token failed to save to secure storage.
[2025-05-08 09:47:31.733] [info]  Error: The name is not activatable
[2025-05-08 09:47:31.743] [info]  Error: The name is not activatable
[2025-05-08 09:47:31.748] [info]  Error: The name is not activatable
[2025-05-08 09:47:31.750] [error] SetAccessToken: storing encrypted access token in secure storage failed. Falling back to disk storage. Error: New Access token key unable to be retrieved from secure storage.
[2025-05-08 09:47:31.761] [info]  Error: The name is not activatable
[2025-05-08 09:47:31.766] [info]  Error: The name is not activatable
[2025-05-08 09:47:31.768] [error] SetRefreshToken: storing refresh token in secure storage failed. Falling back to disk storage. Error: Refresh token failed to save to secure storage.
[2025-05-08 09:47:31.817] [info]  Finished search indexing
[2025-05-08 09:47:35.300] [info]  Finished search indexing
[2025-05-08 09:47:38.588] [info]  Finished search indexing
[2025-05-08 09:47:41.324] [info]  Finished search indexing
[2025-06-25 08:52:32.528] [info]  State version: 68
[2025-06-25 08:52:32.536] [info]  Migrator MinVersionMigrator (to version 3) should migrate: false - up
[2025-06-25 08:52:32.537] [info]  Migrator RemoveEverBeenUnlockedMigrator (to version 4) should migrate: false - up
[2025-06-25 08:52:32.537] [info]  Migrator AddKeyTypeToOrgKeysMigrator (to version 5) should migrate: false - up
[2025-06-25 08:52:32.538] [info]  Migrator RemoveLegacyEtmKeyMigrator (to version 6) should migrate: false - up
[2025-06-25 08:52:32.538] [info]  Migrator MoveBiometricAutoPromptToAccount (to version 7) should migrate: false - up
[2025-06-25 08:52:32.538] [info]  Migrator MoveStateVersionMigrator (to version 8) should migrate: false - up
[2025-06-25 08:52:32.539] [info]  Migrator MoveBrowserSettingsToGlobal (to version 9) should migrate: false - up
[2025-06-25 08:52:32.539] [info]  Migrator EverHadUserKeyMigrator (to version 10) should migrate: false - up
[2025-06-25 08:52:32.539] [info]  Migrator OrganizationKeyMigrator (to version 11) should migrate: false - up
[2025-06-25 08:52:32.540] [info]  Migrator MoveEnvironmentStateToProviders (to version 12) should migrate: false - up
[2025-06-25 08:52:32.540] [info]  Migrator ProviderKeyMigrator (to version 13) should migrate: false - up
[2025-06-25 08:52:32.541] [info]  Migrator MoveBiometricClientKeyHalfToStateProviders (to version 14) should migrate: false - up
[2025-06-25 08:52:32.541] [info]  Migrator FolderMigrator (to version 15) should migrate: false - up
[2025-06-25 08:52:32.541] [info]  Migrator LastSyncMigrator (to version 16) should migrate: false - up
[2025-06-25 08:52:32.541] [info]  Migrator EnablePasskeysMigrator (to version 17) should migrate: false - up
[2025-06-25 08:52:32.542] [info]  Migrator AutofillSettingsKeyMigrator (to version 18) should migrate: false - up
[2025-06-25 08:52:32.542] [info]  Migrator RequirePasswordOnStartMigrator (to version 19) should migrate: false - up
[2025-06-25 08:52:32.542] [info]  Migrator PrivateKeyMigrator (to version 20) should migrate: false - up
[2025-06-25 08:52:32.543] [info]  Migrator CollectionMigrator (to version 21) should migrate: false - up
[2025-06-25 08:52:32.543] [info]  Migrator CollapsedGroupingsMigrator (to version 22) should migrate: false - up
[2025-06-25 08:52:32.543] [info]  Migrator MoveBiometricPromptsToStateProviders (to version 23) should migrate: false - up
[2025-06-25 08:52:32.543] [info]  Migrator SmOnboardingTasksMigrator (to version 24) should migrate: false - up
[2025-06-25 08:52:32.544] [info]  Migrator ClearClipboardDelayMigrator (to version 25) should migrate: false - up
[2025-06-25 08:52:32.544] [info]  Migrator RevertLastSyncMigrator (to version 26) should migrate: false - up
[2025-06-25 08:52:32.544] [info]  Migrator BadgeSettingsMigrator (to version 27) should migrate: false - up
[2025-06-25 08:52:32.544] [info]  Migrator MoveBiometricUnlockToStateProviders (to version 28) should migrate: false - up
[2025-06-25 08:52:32.544] [info]  Migrator UserNotificationSettingsKeyMigrator (to version 29) should migrate: false - up
[2025-06-25 08:52:32.544] [info]  Migrator PolicyMigrator (to version 30) should migrate: false - up
[2025-06-25 08:52:32.545] [info]  Migrator EnableContextMenuMigrator (to version 31) should migrate: false - up
[2025-06-25 08:52:32.545] [info]  Migrator PreferredLanguageMigrator (to version 32) should migrate: false - up
[2025-06-25 08:52:32.545] [info]  Migrator AppIdMigrator (to version 33) should migrate: false - up
[2025-06-25 08:52:32.545] [info]  Migrator DomainSettingsMigrator (to version 34) should migrate: false - up
[2025-06-25 08:52:32.545] [info]  Migrator MoveThemeToStateProviderMigrator (to version 35) should migrate: false - up
[2025-06-25 08:52:32.546] [info]  Migrator VaultSettingsKeyMigrator (to version 36) should migrate: false - up
[2025-06-25 08:52:32.546] [info]  Migrator AvatarColorMigrator (to version 37) should migrate: false - up
[2025-06-25 08:52:32.546] [info]  Migrator TokenServiceStateProviderMigrator (to version 38) should migrate: false - up
[2025-06-25 08:52:32.546] [info]  Migrator MoveBillingAccountProfileMigrator (to version 39) should migrate: false - up
[2025-06-25 08:52:32.546] [info]  Migrator OrganizationMigrator (to version 40) should migrate: false - up
[2025-06-25 08:52:32.547] [info]  Migrator EventCollectionMigrator (to version 41) should migrate: false - up
[2025-06-25 08:52:32.547] [info]  Migrator EnableFaviconMigrator (to version 42) should migrate: false - up
[2025-06-25 08:52:32.547] [info]  Migrator AutoConfirmFingerPrintsMigrator (to version 43) should migrate: false - up
[2025-06-25 08:52:32.547] [info]  Migrator UserDecryptionOptionsMigrator (to version 44) should migrate: false - up
[2025-06-25 08:52:32.547] [info]  Migrator MergeEnvironmentState (to version 45) should migrate: false - up
[2025-06-25 08:52:32.547] [info]  Migrator DeleteBiometricPromptCancelledData (to version 46) should migrate: false - up
[2025-06-25 08:52:32.548] [info]  Migrator MoveDesktopSettingsMigrator (to version 47) should migrate: false - up
[2025-06-25 08:52:32.548] [info]  Migrator MoveDdgToStateProviderMigrator (to version 48) should migrate: false - up
[2025-06-25 08:52:32.548] [info]  Migrator AccountServerConfigMigrator (to version 49) should migrate: false - up
[2025-06-25 08:52:32.548] [info]  Migrator KeyConnectorMigrator (to version 50) should migrate: false - up
[2025-06-25 08:52:32.549] [info]  Migrator RememberedEmailMigrator (to version 51) should migrate: false - up
[2025-06-25 08:52:32.549] [info]  Migrator DeleteInstalledVersion (to version 52) should migrate: false - up
[2025-06-25 08:52:32.549] [info]  Migrator DeviceTrustServiceStateProviderMigrator (to version 53) should migrate: false - up
[2025-06-25 08:52:32.549] [info]  Migrator SendMigrator (to version 54) should migrate: false - up
[2025-06-25 08:52:32.549] [info]  Migrator MoveMasterKeyStateToProviderMigrator (to version 55) should migrate: false - up
[2025-06-25 08:52:32.549] [info]  Migrator AuthRequestMigrator (to version 56) should migrate: false - up
[2025-06-25 08:52:32.550] [info]  Migrator CipherServiceMigrator (to version 57) should migrate: false - up
[2025-06-25 08:52:32.550] [info]  Migrator RemoveRefreshTokenMigratedFlagMigrator (to version 58) should migrate: false - up
[2025-06-25 08:52:32.550] [info]  Migrator KdfConfigMigrator (to version 59) should migrate: false - up
[2025-06-25 08:52:32.550] [info]  Migrator KnownAccountsMigrator (to version 60) should migrate: false - up
[2025-06-25 08:52:32.550] [info]  Migrator PinStateMigrator (to version 61) should migrate: false - up
[2025-06-25 08:52:32.550] [info]  Migrator VaultTimeoutSettingsServiceStateProviderMigrator (to version 62) should migrate: false - up
[2025-06-25 08:52:32.551] [info]  Migrator PasswordOptionsMigrator (to version 63) should migrate: false - up
[2025-06-25 08:52:32.551] [info]  Migrator GeneratorHistoryMigrator (to version 64) should migrate: false - up
[2025-06-25 08:52:32.551] [info]  Migrator ForwarderOptionsMigrator (to version 65) should migrate: false - up
[2025-06-25 08:52:32.551] [info]  Migrator MoveFinalDesktopSettingsMigrator (to version 66) should migrate: false - up
[2025-06-25 08:52:32.551] [info]  Migrator RemoveUnassignedItemsBannerDismissed (to version 67) should migrate: false - up
[2025-06-25 08:52:32.552] [info]  Migrator MoveLastSyncDate (to version 68) should migrate: false - up
[2025-06-25 08:52:32.780] [info]  Coredumps are disabled in renderer process
[2025-06-25 08:52:34.676] [info]  State version: 68
[2025-06-25 08:52:34.696] [info]  Error: The name is not activatable
[2025-06-25 08:52:34.799] [info]  Error: The name is not activatable
[2025-06-25 08:52:35.562] [error] Error refreshing access token:  null
[2025-06-25 08:52:35.589] [info]  Error: The name is not activatable
[2025-06-25 08:52:35.601] [info]  Error: The name is not activatable
[2025-06-25 08:52:35.748] [info]  Error: The name is not activatable
[2025-06-25 08:52:35.749] [info]  Error: The name is not activatable
[2025-06-25 08:52:35.788] [info]  Error: The name is not activatable
[2025-06-25 08:52:35.791] [info]  Error: The name is not activatable
[2025-06-25 08:52:35.793] [info]  Error: The name is not activatable
[2025-06-25 08:52:35.796] [info]  Error: The name is not activatable
[2025-06-25 08:52:35.838] [info]  Retrieving application id
[2025-06-25 08:52:35.840] [info]  Reloading render process
[2025-06-25 08:52:36.004] [info]  Render process reloaded
[2025-06-25 08:52:36.749] [info]  State version: 68
[2025-06-25 08:52:36.760] [info]  Error: The name is not activatable
[2025-06-25 08:52:36.854] [info]  Retrieving application id
[2025-06-25 08:52:52.613] [info]  Retrieving application id
[2025-06-25 08:52:58.489] [info]  Retrieving application id
[2025-06-25 08:52:59.372] [info]  Error: The name is not activatable
[2025-06-25 08:52:59.379] [info]  Error: The name is not activatable
[2025-06-25 08:52:59.383] [info]  Error: The name is not activatable
[2025-06-25 08:52:59.385] [error] SetAccessToken: storing encrypted access token in secure storage failed. Falling back to disk storage. Error: New Access token key unable to be retrieved from secure storage.
[2025-06-25 08:52:59.396] [info]  Error: The name is not activatable
[2025-06-25 08:52:59.401] [info]  Error: The name is not activatable
[2025-06-25 08:52:59.402] [error] SetRefreshToken: storing refresh token in secure storage failed. Falling back to disk storage. Error: Refresh token failed to save to secure storage.
[2025-06-25 08:52:59.459] [info]  Error: The name is not activatable
[2025-06-25 08:52:59.464] [info]  Error: The name is not activatable
[2025-06-25 08:52:59.466] [info]  Error: The name is not activatable
[2025-06-25 08:52:59.469] [info]  Error: The name is not activatable
[2025-06-25 08:52:59.470] [info]  Error: The name is not activatable
[2025-06-25 08:52:59.480] [info]  Error: The name is not activatable
[2025-06-25 08:52:59.484] [info]  Error: The name is not activatable
[2025-06-25 08:52:59.515] [info]  Error: The name is not activatable
[2025-06-25 08:52:59.528] [info]  Error: The name is not activatable
[2025-06-25 08:52:59.533] [info]  Error: The name is not activatable
[2025-06-25 08:52:59.562] [info]  Error: The name is not activatable
[2025-06-25 08:52:59.574] [info]  Error: The name is not activatable
[2025-06-25 08:52:59.581] [info]  Error: The name is not activatable
[2025-06-25 08:52:59.590] [info]  Error: The name is not activatable
[2025-06-25 08:52:59.752] [info]  Finished search indexing
[2025-06-25 08:52:59.827] [info]  Error: The name is not activatable
[2025-06-25 08:52:59.834] [info]  Error: The name is not activatable
[2025-06-25 08:52:59.839] [info]  Error: The name is not activatable
[2025-06-25 08:52:59.840] [error] SetAccessToken: storing encrypted access token in secure storage failed. Falling back to disk storage. Error: New Access token key unable to be retrieved from secure storage.
[2025-06-25 08:52:59.858] [info]  Error: The name is not activatable
[2025-06-25 08:52:59.863] [info]  Error: The name is not activatable
[2025-06-25 08:52:59.864] [error] SetRefreshToken: storing refresh token in secure storage failed. Falling back to disk storage. Error: Refresh token failed to save to secure storage.
[2025-06-25 08:53:00.054] [info]  Error: The name is not activatable
[2025-06-25 08:53:00.060] [info]  Error: The name is not activatable
[2025-06-25 08:53:00.066] [info]  Error: The name is not activatable
[2025-06-25 08:53:00.068] [error] SetAccessToken: storing encrypted access token in secure storage failed. Falling back to disk storage. Error: New Access token key unable to be retrieved from secure storage.
[2025-06-25 08:53:00.087] [info]  Error: The name is not activatable
[2025-06-25 08:53:00.093] [info]  Error: The name is not activatable
[2025-06-25 08:53:00.094] [error] SetRefreshToken: storing refresh token in secure storage failed. Falling back to disk storage. Error: Refresh token failed to save to secure storage.
[2025-06-25 08:53:00.108] [info]  Error: The name is not activatable
[2025-06-25 08:53:00.114] [info]  Error: The name is not activatable
[2025-06-25 08:53:00.121] [info]  Error: The name is not activatable
[2025-06-25 08:53:00.141] [info]  Error: The name is not activatable
[2025-06-25 08:53:00.142] [info]  Error: The name is not activatable
[2025-06-25 08:53:00.147] [info]  Error: The name is not activatable
[2025-06-25 08:53:00.150] [info]  Error: The name is not activatable
[2025-06-25 08:53:00.151] [info]  Error: The name is not activatable
[2025-06-25 08:53:00.152] [error] SetAccessToken: storing encrypted access token in secure storage failed. Falling back to disk storage. Error: New Access token key unable to be retrieved from secure storage.
[2025-06-25 08:53:00.157] [info]  Error: The name is not activatable
[2025-06-25 08:53:00.159] [error] SetAccessToken: storing encrypted access token in secure storage failed. Falling back to disk storage. Error: New Access token key unable to be retrieved from secure storage.
[2025-06-25 08:53:00.165] [info]  Error: The name is not activatable
[2025-06-25 08:53:00.169] [info]  Error: The name is not activatable
[2025-06-25 08:53:00.171] [info]  Error: The name is not activatable
[2025-06-25 08:53:00.171] [error] SetRefreshToken: storing refresh token in secure storage failed. Falling back to disk storage. Error: Refresh token failed to save to secure storage.
[2025-06-25 08:53:00.176] [info]  Error: The name is not activatable
[2025-06-25 08:53:00.178] [error] SetRefreshToken: storing refresh token in secure storage failed. Falling back to disk storage. Error: Refresh token failed to save to secure storage.
[2025-06-25 08:53:00.254] [info]  Self-host environment did not respond in time, emitting previous config.
[2025-06-25 08:53:00.429] [info]  Error: The name is not activatable
[2025-06-25 08:53:00.438] [info]  Error: The name is not activatable
[2025-06-25 08:53:00.444] [info]  Error: The name is not activatable
[2025-06-25 08:53:00.446] [error] SetAccessToken: storing encrypted access token in secure storage failed. Falling back to disk storage. Error: New Access token key unable to be retrieved from secure storage.
[2025-06-25 08:53:00.459] [info]  Error: The name is not activatable
[2025-06-25 08:53:00.465] [info]  Error: The name is not activatable
[2025-06-25 08:53:00.467] [error] SetRefreshToken: storing refresh token in secure storage failed. Falling back to disk storage. Error: Refresh token failed to save to secure storage.
[2025-06-25 08:53:01.051] [info]  Error: The name is not activatable
[2025-06-25 08:53:01.169] [info]  Starting decryption using multithreading with 1 workers for 20 items
[2025-06-25 08:53:01.300] [info]  Finished decrypting 20 items using 1 workers
[2025-06-25 08:53:01.318] [info]  Finished search indexing
[2025-06-25 09:05:27.976] [info]  Error: The name is not activatable
[2025-06-25 09:05:27.982] [info]  Error: The name is not activatable
[2025-06-25 09:05:27.991] [info]  Error: The name is not activatable
[2025-06-25 09:05:28.956] [info]  Error: The name is not activatable
[2025-06-25 09:05:28.965] [info]  Error: The name is not activatable
[2025-06-25 09:05:28.972] [info]  Error: The name is not activatable
[2025-06-25 09:05:28.974] [error] SetAccessToken: storing encrypted access token in secure storage failed. Falling back to disk storage. Error: New Access token key unable to be retrieved from secure storage.
[2025-06-25 09:05:28.994] [info]  Error: The name is not activatable
[2025-06-25 09:05:29.000] [info]  Error: The name is not activatable
[2025-06-25 09:05:29.002] [error] SetRefreshToken: storing refresh token in secure storage failed. Falling back to disk storage. Error: Refresh token failed to save to secure storage.
[2025-06-25 09:05:30.242] [info]  Starting decryption using multithreading with 1 workers for 20 items
[2025-06-25 09:05:30.413] [info]  Finished decrypting 20 items using 1 workers
[2025-06-25 09:05:30.428] [info]  Finished search indexing
[2025-06-25 09:05:31.235] [info]  Retrieving application id
[2025-07-01 08:34:09.440] [info]  State version: 68
[2025-07-01 08:34:09.448] [info]  Migrator MinVersionMigrator (to version 3) should migrate: false - up
[2025-07-01 08:34:09.448] [info]  Migrator RemoveEverBeenUnlockedMigrator (to version 4) should migrate: false - up
[2025-07-01 08:34:09.449] [info]  Migrator AddKeyTypeToOrgKeysMigrator (to version 5) should migrate: false - up
[2025-07-01 08:34:09.449] [info]  Migrator RemoveLegacyEtmKeyMigrator (to version 6) should migrate: false - up
[2025-07-01 08:34:09.450] [info]  Migrator MoveBiometricAutoPromptToAccount (to version 7) should migrate: false - up
[2025-07-01 08:34:09.450] [info]  Migrator MoveStateVersionMigrator (to version 8) should migrate: false - up
[2025-07-01 08:34:09.450] [info]  Migrator MoveBrowserSettingsToGlobal (to version 9) should migrate: false - up
[2025-07-01 08:34:09.451] [info]  Migrator EverHadUserKeyMigrator (to version 10) should migrate: false - up
[2025-07-01 08:34:09.451] [info]  Migrator OrganizationKeyMigrator (to version 11) should migrate: false - up
[2025-07-01 08:34:09.451] [info]  Migrator MoveEnvironmentStateToProviders (to version 12) should migrate: false - up
[2025-07-01 08:34:09.451] [info]  Migrator ProviderKeyMigrator (to version 13) should migrate: false - up
[2025-07-01 08:34:09.452] [info]  Migrator MoveBiometricClientKeyHalfToStateProviders (to version 14) should migrate: false - up
[2025-07-01 08:34:09.452] [info]  Migrator FolderMigrator (to version 15) should migrate: false - up
[2025-07-01 08:34:09.452] [info]  Migrator LastSyncMigrator (to version 16) should migrate: false - up
[2025-07-01 08:34:09.452] [info]  Migrator EnablePasskeysMigrator (to version 17) should migrate: false - up
[2025-07-01 08:34:09.453] [info]  Migrator AutofillSettingsKeyMigrator (to version 18) should migrate: false - up
[2025-07-01 08:34:09.453] [info]  Migrator RequirePasswordOnStartMigrator (to version 19) should migrate: false - up
[2025-07-01 08:34:09.453] [info]  Migrator PrivateKeyMigrator (to version 20) should migrate: false - up
[2025-07-01 08:34:09.453] [info]  Migrator CollectionMigrator (to version 21) should migrate: false - up
[2025-07-01 08:34:09.453] [info]  Migrator CollapsedGroupingsMigrator (to version 22) should migrate: false - up
[2025-07-01 08:34:09.454] [info]  Migrator MoveBiometricPromptsToStateProviders (to version 23) should migrate: false - up
[2025-07-01 08:34:09.454] [info]  Migrator SmOnboardingTasksMigrator (to version 24) should migrate: false - up
[2025-07-01 08:34:09.454] [info]  Migrator ClearClipboardDelayMigrator (to version 25) should migrate: false - up
[2025-07-01 08:34:09.454] [info]  Migrator RevertLastSyncMigrator (to version 26) should migrate: false - up
[2025-07-01 08:34:09.454] [info]  Migrator BadgeSettingsMigrator (to version 27) should migrate: false - up
[2025-07-01 08:34:09.455] [info]  Migrator MoveBiometricUnlockToStateProviders (to version 28) should migrate: false - up
[2025-07-01 08:34:09.455] [info]  Migrator UserNotificationSettingsKeyMigrator (to version 29) should migrate: false - up
[2025-07-01 08:34:09.455] [info]  Migrator PolicyMigrator (to version 30) should migrate: false - up
[2025-07-01 08:34:09.455] [info]  Migrator EnableContextMenuMigrator (to version 31) should migrate: false - up
[2025-07-01 08:34:09.455] [info]  Migrator PreferredLanguageMigrator (to version 32) should migrate: false - up
[2025-07-01 08:34:09.456] [info]  Migrator AppIdMigrator (to version 33) should migrate: false - up
[2025-07-01 08:34:09.456] [info]  Migrator DomainSettingsMigrator (to version 34) should migrate: false - up
[2025-07-01 08:34:09.456] [info]  Migrator MoveThemeToStateProviderMigrator (to version 35) should migrate: false - up
[2025-07-01 08:34:09.456] [info]  Migrator VaultSettingsKeyMigrator (to version 36) should migrate: false - up
[2025-07-01 08:34:09.456] [info]  Migrator AvatarColorMigrator (to version 37) should migrate: false - up
[2025-07-01 08:34:09.456] [info]  Migrator TokenServiceStateProviderMigrator (to version 38) should migrate: false - up
[2025-07-01 08:34:09.457] [info]  Migrator MoveBillingAccountProfileMigrator (to version 39) should migrate: false - up
[2025-07-01 08:34:09.457] [info]  Migrator OrganizationMigrator (to version 40) should migrate: false - up
[2025-07-01 08:34:09.457] [info]  Migrator EventCollectionMigrator (to version 41) should migrate: false - up
[2025-07-01 08:34:09.457] [info]  Migrator EnableFaviconMigrator (to version 42) should migrate: false - up
[2025-07-01 08:34:09.457] [info]  Migrator AutoConfirmFingerPrintsMigrator (to version 43) should migrate: false - up
[2025-07-01 08:34:09.458] [info]  Migrator UserDecryptionOptionsMigrator (to version 44) should migrate: false - up
[2025-07-01 08:34:09.458] [info]  Migrator MergeEnvironmentState (to version 45) should migrate: false - up
[2025-07-01 08:34:09.458] [info]  Migrator DeleteBiometricPromptCancelledData (to version 46) should migrate: false - up
[2025-07-01 08:34:09.458] [info]  Migrator MoveDesktopSettingsMigrator (to version 47) should migrate: false - up
[2025-07-01 08:34:09.458] [info]  Migrator MoveDdgToStateProviderMigrator (to version 48) should migrate: false - up
[2025-07-01 08:34:09.458] [info]  Migrator AccountServerConfigMigrator (to version 49) should migrate: false - up
[2025-07-01 08:34:09.459] [info]  Migrator KeyConnectorMigrator (to version 50) should migrate: false - up
[2025-07-01 08:34:09.459] [info]  Migrator RememberedEmailMigrator (to version 51) should migrate: false - up
[2025-07-01 08:34:09.459] [info]  Migrator DeleteInstalledVersion (to version 52) should migrate: false - up
[2025-07-01 08:34:09.459] [info]  Migrator DeviceTrustServiceStateProviderMigrator (to version 53) should migrate: false - up
[2025-07-01 08:34:09.459] [info]  Migrator SendMigrator (to version 54) should migrate: false - up
[2025-07-01 08:34:09.459] [info]  Migrator MoveMasterKeyStateToProviderMigrator (to version 55) should migrate: false - up
[2025-07-01 08:34:09.460] [info]  Migrator AuthRequestMigrator (to version 56) should migrate: false - up
[2025-07-01 08:34:09.460] [info]  Migrator CipherServiceMigrator (to version 57) should migrate: false - up
[2025-07-01 08:34:09.460] [info]  Migrator RemoveRefreshTokenMigratedFlagMigrator (to version 58) should migrate: false - up
[2025-07-01 08:34:09.460] [info]  Migrator KdfConfigMigrator (to version 59) should migrate: false - up
[2025-07-01 08:34:09.460] [info]  Migrator KnownAccountsMigrator (to version 60) should migrate: false - up
[2025-07-01 08:34:09.461] [info]  Migrator PinStateMigrator (to version 61) should migrate: false - up
[2025-07-01 08:34:09.461] [info]  Migrator VaultTimeoutSettingsServiceStateProviderMigrator (to version 62) should migrate: false - up
[2025-07-01 08:34:09.461] [info]  Migrator PasswordOptionsMigrator (to version 63) should migrate: false - up
[2025-07-01 08:34:09.461] [info]  Migrator GeneratorHistoryMigrator (to version 64) should migrate: false - up
[2025-07-01 08:34:09.461] [info]  Migrator ForwarderOptionsMigrator (to version 65) should migrate: false - up
[2025-07-01 08:34:09.461] [info]  Migrator MoveFinalDesktopSettingsMigrator (to version 66) should migrate: false - up
[2025-07-01 08:34:09.462] [info]  Migrator RemoveUnassignedItemsBannerDismissed (to version 67) should migrate: false - up
[2025-07-01 08:34:09.462] [info]  Migrator MoveLastSyncDate (to version 68) should migrate: false - up
[2025-07-01 08:34:09.654] [info]  Coredumps are disabled in renderer process
[2025-07-01 08:34:11.456] [info]  Self-host environment did not respond in time, emitting previous config.
[2025-07-01 08:34:11.463] [info]  State version: 68
[2025-07-01 08:34:11.475] [info]  Error: The name is not activatable
[2025-07-01 08:34:11.604] [info]  Error: The name is not activatable
[2025-07-01 08:34:13.490] [info]  Error: The name is not activatable
[2025-07-01 08:34:13.499] [info]  Error: The name is not activatable
[2025-07-01 08:34:13.503] [info]  Error: The name is not activatable
[2025-07-01 08:34:13.506] [error] SetAccessToken: storing encrypted access token in secure storage failed. Falling back to disk storage. Error: New Access token key unable to be retrieved from secure storage.
[2025-07-01 08:34:13.527] [info]  Error: The name is not activatable
[2025-07-01 08:34:13.532] [info]  Error: The name is not activatable
[2025-07-01 08:34:13.534] [error] SetRefreshToken: storing refresh token in secure storage failed. Falling back to disk storage. Error: Refresh token failed to save to secure storage.
[2025-07-01 08:34:13.549] [info]  Error: The name is not activatable
[2025-07-01 08:34:13.566] [info]  Error: The name is not activatable
[2025-07-01 08:34:13.573] [info]  Error: The name is not activatable
[2025-07-01 08:34:14.147] [info]  Error: The name is not activatable
[2025-07-01 08:34:14.153] [info]  Error: The name is not activatable
[2025-07-01 08:34:14.158] [info]  Error: The name is not activatable
[2025-07-01 08:34:14.160] [error] SetAccessToken: storing encrypted access token in secure storage failed. Falling back to disk storage. Error: New Access token key unable to be retrieved from secure storage.
[2025-07-01 08:34:14.182] [info]  Error: The name is not activatable
[2025-07-01 08:34:14.188] [info]  Error: The name is not activatable
[2025-07-01 08:34:14.189] [error] SetRefreshToken: storing refresh token in secure storage failed. Falling back to disk storage. Error: Refresh token failed to save to secure storage.
[2025-07-01 08:34:14.840] [info]  Error: The name is not activatable
[2025-07-01 08:34:25.576] [info]  Error: The name is not activatable
[2025-07-01 08:34:25.579] [info]  Error: The name is not activatable
[2025-07-01 08:34:25.593] [info]  Error: The name is not activatable
[2025-07-01 08:34:25.611] [info]  Error: The name is not activatable
[2025-07-01 08:34:25.612] [info]  Error: The name is not activatable
[2025-07-01 08:34:25.615] [info]  Error: The name is not activatable
[2025-07-01 08:34:25.616] [info]  Error: The name is not activatable
[2025-07-01 08:34:25.624] [info]  Error: The name is not activatable
[2025-07-01 08:34:25.625] [info]  Error: The name is not activatable
[2025-07-01 08:34:25.977] [info]  Error: The name is not activatable
[2025-07-01 08:34:25.978] [info]  Error: The name is not activatable
[2025-07-01 08:34:25.983] [info]  Error: The name is not activatable
[2025-07-01 08:34:25.984] [info]  Error: The name is not activatable
[2025-07-01 08:34:25.987] [info]  Error: The name is not activatable
[2025-07-01 08:34:25.988] [error] SetAccessToken: storing encrypted access token in secure storage failed. Falling back to disk storage. Error: New Access token key unable to be retrieved from secure storage.
[2025-07-01 08:34:25.990] [info]  Error: The name is not activatable
[2025-07-01 08:34:26.007] [error] SetAccessToken: storing encrypted access token in secure storage failed. Falling back to disk storage. Error: New Access token key unable to be retrieved from secure storage.
[2025-07-01 08:34:26.016] [info]  Error: The name is not activatable
[2025-07-01 08:34:26.021] [info]  Error: The name is not activatable
[2025-07-01 08:34:26.022] [info]  Error: The name is not activatable
[2025-07-01 08:34:26.024] [error] SetRefreshToken: storing refresh token in secure storage failed. Falling back to disk storage. Error: Refresh token failed to save to secure storage.
[2025-07-01 08:34:26.026] [info]  Error: The name is not activatable
[2025-07-01 08:34:26.032] [error] SetRefreshToken: storing refresh token in secure storage failed. Falling back to disk storage. Error: Refresh token failed to save to secure storage.
[2025-07-01 08:34:26.644] [info]  Error: The name is not activatable
[2025-07-01 08:34:26.667] [info]  Error: The name is not activatable
[2025-07-01 08:34:26.685] [info]  Error: The name is not activatable
[2025-07-01 08:34:26.717] [info]  Error: The name is not activatable
[2025-07-01 08:34:26.722] [info]  Error: The name is not activatable
[2025-07-01 08:34:26.726] [info]  Error: The name is not activatable
[2025-07-01 08:34:26.732] [info]  Error: The name is not activatable
[2025-07-01 08:34:26.996] [info]  Error: The name is not activatable
[2025-07-01 08:34:27.003] [info]  Error: The name is not activatable
[2025-07-01 08:34:27.007] [info]  Error: The name is not activatable
[2025-07-01 08:34:27.009] [error] SetAccessToken: storing encrypted access token in secure storage failed. Falling back to disk storage. Error: New Access token key unable to be retrieved from secure storage.
[2025-07-01 08:34:27.029] [info]  Error: The name is not activatable
[2025-07-01 08:34:27.033] [info]  Error: The name is not activatable
[2025-07-01 08:34:27.035] [error] SetRefreshToken: storing refresh token in secure storage failed. Falling back to disk storage. Error: Refresh token failed to save to secure storage.
[2025-07-01 08:34:27.063] [info]  Error: The name is not activatable
[2025-07-01 08:34:27.069] [info]  Error: The name is not activatable
[2025-07-01 08:34:27.074] [info]  Error: The name is not activatable
[2025-07-01 08:34:27.076] [error] SetAccessToken: storing encrypted access token in secure storage failed. Falling back to disk storage. Error: New Access token key unable to be retrieved from secure storage.
[2025-07-01 08:34:27.088] [info]  Error: The name is not activatable
[2025-07-01 08:34:27.093] [info]  Error: The name is not activatable
[2025-07-01 08:34:27.095] [error] SetRefreshToken: storing refresh token in secure storage failed. Falling back to disk storage. Error: Refresh token failed to save to secure storage.
[2025-07-01 08:34:27.333] [info]  Starting decryption using multithreading with 1 workers for 20 items
[2025-07-01 08:34:27.472] [info]  Finished decrypting 20 items using 1 workers
[2025-07-01 08:34:27.510] [info]  Finished search indexing
[2025-07-01 08:34:30.603] [warn]  Skipping sync wait, continuing to unlock.
[2025-07-01 08:39:37.800] [info]  Error: The name is not activatable
[2025-07-01 08:39:37.806] [info]  Error: The name is not activatable
[2025-07-01 08:39:37.814] [info]  Error: The name is not activatable
[2025-07-01 08:39:38.193] [info]  Error: The name is not activatable
[2025-07-01 08:39:38.201] [info]  Error: The name is not activatable
[2025-07-01 08:39:38.208] [info]  Error: The name is not activatable
[2025-07-01 08:39:38.209] [error] SetAccessToken: storing encrypted access token in secure storage failed. Falling back to disk storage. Error: New Access token key unable to be retrieved from secure storage.
[2025-07-01 08:39:38.230] [info]  Error: The name is not activatable
[2025-07-01 08:39:38.236] [info]  Error: The name is not activatable
[2025-07-01 08:39:38.238] [error] SetRefreshToken: storing refresh token in secure storage failed. Falling back to disk storage. Error: Refresh token failed to save to secure storage.
[2025-07-01 08:39:38.682] [info]  Starting decryption using multithreading with 1 workers for 21 items
[2025-07-01 08:39:38.849] [info]  Finished decrypting 21 items using 1 workers
[2025-07-01 08:39:38.873] [info]  Finished search indexing
[2025-07-01 08:39:41.248] [info]  Retrieving application id
[2025-07-02 16:17:29.098] [info]  State version: 68
[2025-07-02 16:17:29.106] [info]  Migrator MinVersionMigrator (to version 3) should migrate: false - up
[2025-07-02 16:17:29.106] [info]  Migrator RemoveEverBeenUnlockedMigrator (to version 4) should migrate: false - up
[2025-07-02 16:17:29.107] [info]  Migrator AddKeyTypeToOrgKeysMigrator (to version 5) should migrate: false - up
[2025-07-02 16:17:29.107] [info]  Migrator RemoveLegacyEtmKeyMigrator (to version 6) should migrate: false - up
[2025-07-02 16:17:29.108] [info]  Migrator MoveBiometricAutoPromptToAccount (to version 7) should migrate: false - up
[2025-07-02 16:17:29.108] [info]  Migrator MoveStateVersionMigrator (to version 8) should migrate: false - up
[2025-07-02 16:17:29.108] [info]  Migrator MoveBrowserSettingsToGlobal (to version 9) should migrate: false - up
[2025-07-02 16:17:29.109] [info]  Migrator EverHadUserKeyMigrator (to version 10) should migrate: false - up
[2025-07-02 16:17:29.109] [info]  Migrator OrganizationKeyMigrator (to version 11) should migrate: false - up
[2025-07-02 16:17:29.109] [info]  Migrator MoveEnvironmentStateToProviders (to version 12) should migrate: false - up
[2025-07-02 16:17:29.110] [info]  Migrator ProviderKeyMigrator (to version 13) should migrate: false - up
[2025-07-02 16:17:29.110] [info]  Migrator MoveBiometricClientKeyHalfToStateProviders (to version 14) should migrate: false - up
[2025-07-02 16:17:29.110] [info]  Migrator FolderMigrator (to version 15) should migrate: false - up
[2025-07-02 16:17:29.110] [info]  Migrator LastSyncMigrator (to version 16) should migrate: false - up
[2025-07-02 16:17:29.111] [info]  Migrator EnablePasskeysMigrator (to version 17) should migrate: false - up
[2025-07-02 16:17:29.111] [info]  Migrator AutofillSettingsKeyMigrator (to version 18) should migrate: false - up
[2025-07-02 16:17:29.111] [info]  Migrator RequirePasswordOnStartMigrator (to version 19) should migrate: false - up
[2025-07-02 16:17:29.111] [info]  Migrator PrivateKeyMigrator (to version 20) should migrate: false - up
[2025-07-02 16:17:29.111] [info]  Migrator CollectionMigrator (to version 21) should migrate: false - up
[2025-07-02 16:17:29.112] [info]  Migrator CollapsedGroupingsMigrator (to version 22) should migrate: false - up
[2025-07-02 16:17:29.112] [info]  Migrator MoveBiometricPromptsToStateProviders (to version 23) should migrate: false - up
[2025-07-02 16:17:29.112] [info]  Migrator SmOnboardingTasksMigrator (to version 24) should migrate: false - up
[2025-07-02 16:17:29.112] [info]  Migrator ClearClipboardDelayMigrator (to version 25) should migrate: false - up
[2025-07-02 16:17:29.112] [info]  Migrator RevertLastSyncMigrator (to version 26) should migrate: false - up
[2025-07-02 16:17:29.113] [info]  Migrator BadgeSettingsMigrator (to version 27) should migrate: false - up
[2025-07-02 16:17:29.113] [info]  Migrator MoveBiometricUnlockToStateProviders (to version 28) should migrate: false - up
[2025-07-02 16:17:29.113] [info]  Migrator UserNotificationSettingsKeyMigrator (to version 29) should migrate: false - up
[2025-07-02 16:17:29.113] [info]  Migrator PolicyMigrator (to version 30) should migrate: false - up
[2025-07-02 16:17:29.113] [info]  Migrator EnableContextMenuMigrator (to version 31) should migrate: false - up
[2025-07-02 16:17:29.113] [info]  Migrator PreferredLanguageMigrator (to version 32) should migrate: false - up
[2025-07-02 16:17:29.114] [info]  Migrator AppIdMigrator (to version 33) should migrate: false - up
[2025-07-02 16:17:29.114] [info]  Migrator DomainSettingsMigrator (to version 34) should migrate: false - up
[2025-07-02 16:17:29.114] [info]  Migrator MoveThemeToStateProviderMigrator (to version 35) should migrate: false - up
[2025-07-02 16:17:29.114] [info]  Migrator VaultSettingsKeyMigrator (to version 36) should migrate: false - up
[2025-07-02 16:17:29.114] [info]  Migrator AvatarColorMigrator (to version 37) should migrate: false - up
[2025-07-02 16:17:29.115] [info]  Migrator TokenServiceStateProviderMigrator (to version 38) should migrate: false - up
[2025-07-02 16:17:29.115] [info]  Migrator MoveBillingAccountProfileMigrator (to version 39) should migrate: false - up
[2025-07-02 16:17:29.115] [info]  Migrator OrganizationMigrator (to version 40) should migrate: false - up
[2025-07-02 16:17:29.115] [info]  Migrator EventCollectionMigrator (to version 41) should migrate: false - up
[2025-07-02 16:17:29.115] [info]  Migrator EnableFaviconMigrator (to version 42) should migrate: false - up
[2025-07-02 16:17:29.115] [info]  Migrator AutoConfirmFingerPrintsMigrator (to version 43) should migrate: false - up
[2025-07-02 16:17:29.116] [info]  Migrator UserDecryptionOptionsMigrator (to version 44) should migrate: false - up
[2025-07-02 16:17:29.116] [info]  Migrator MergeEnvironmentState (to version 45) should migrate: false - up
[2025-07-02 16:17:29.116] [info]  Migrator DeleteBiometricPromptCancelledData (to version 46) should migrate: false - up
[2025-07-02 16:17:29.116] [info]  Migrator MoveDesktopSettingsMigrator (to version 47) should migrate: false - up
[2025-07-02 16:17:29.116] [info]  Migrator MoveDdgToStateProviderMigrator (to version 48) should migrate: false - up
[2025-07-02 16:17:29.116] [info]  Migrator AccountServerConfigMigrator (to version 49) should migrate: false - up
[2025-07-02 16:17:29.117] [info]  Migrator KeyConnectorMigrator (to version 50) should migrate: false - up
[2025-07-02 16:17:29.117] [info]  Migrator RememberedEmailMigrator (to version 51) should migrate: false - up
[2025-07-02 16:17:29.117] [info]  Migrator DeleteInstalledVersion (to version 52) should migrate: false - up
[2025-07-02 16:17:29.117] [info]  Migrator DeviceTrustServiceStateProviderMigrator (to version 53) should migrate: false - up
[2025-07-02 16:17:29.117] [info]  Migrator SendMigrator (to version 54) should migrate: false - up
[2025-07-02 16:17:29.118] [info]  Migrator MoveMasterKeyStateToProviderMigrator (to version 55) should migrate: false - up
[2025-07-02 16:17:29.118] [info]  Migrator AuthRequestMigrator (to version 56) should migrate: false - up
[2025-07-02 16:17:29.118] [info]  Migrator CipherServiceMigrator (to version 57) should migrate: false - up
[2025-07-02 16:17:29.118] [info]  Migrator RemoveRefreshTokenMigratedFlagMigrator (to version 58) should migrate: false - up
[2025-07-02 16:17:29.118] [info]  Migrator KdfConfigMigrator (to version 59) should migrate: false - up
[2025-07-02 16:17:29.118] [info]  Migrator KnownAccountsMigrator (to version 60) should migrate: false - up
[2025-07-02 16:17:29.119] [info]  Migrator PinStateMigrator (to version 61) should migrate: false - up
[2025-07-02 16:17:29.119] [info]  Migrator VaultTimeoutSettingsServiceStateProviderMigrator (to version 62) should migrate: false - up
[2025-07-02 16:17:29.119] [info]  Migrator PasswordOptionsMigrator (to version 63) should migrate: false - up
[2025-07-02 16:17:29.119] [info]  Migrator GeneratorHistoryMigrator (to version 64) should migrate: false - up
[2025-07-02 16:17:29.119] [info]  Migrator ForwarderOptionsMigrator (to version 65) should migrate: false - up
[2025-07-02 16:17:29.119] [info]  Migrator MoveFinalDesktopSettingsMigrator (to version 66) should migrate: false - up
[2025-07-02 16:17:29.120] [info]  Migrator RemoveUnassignedItemsBannerDismissed (to version 67) should migrate: false - up
[2025-07-02 16:17:29.120] [info]  Migrator MoveLastSyncDate (to version 68) should migrate: false - up
[2025-07-02 16:17:29.343] [info]  Coredumps are disabled in renderer process
[2025-07-02 16:17:31.157] [info]  Self-host environment did not respond in time, emitting previous config.
[2025-07-02 16:17:31.165] [info]  State version: 68
[2025-07-02 16:17:31.178] [info]  Error: The name is not activatable
[2025-07-02 16:17:31.286] [info]  Error: The name is not activatable
[2025-07-02 16:17:32.781] [info]  Error: The name is not activatable
[2025-07-02 16:17:32.800] [info]  Error: The name is not activatable
[2025-07-02 16:17:32.804] [info]  Error: The name is not activatable
[2025-07-02 16:17:32.807] [error] SetAccessToken: storing encrypted access token in secure storage failed. Falling back to disk storage. Error: New Access token key unable to be retrieved from secure storage.
[2025-07-02 16:17:32.822] [info]  Error: The name is not activatable
[2025-07-02 16:17:32.827] [info]  Error: The name is not activatable
[2025-07-02 16:17:32.829] [error] SetRefreshToken: storing refresh token in secure storage failed. Falling back to disk storage. Error: Refresh token failed to save to secure storage.
[2025-07-02 16:17:32.843] [info]  Error: The name is not activatable
[2025-07-02 16:17:32.849] [info]  Error: The name is not activatable
[2025-07-02 16:17:32.858] [info]  Error: The name is not activatable
[2025-07-02 16:17:34.064] [info]  Error: The name is not activatable
[2025-07-02 16:17:34.070] [info]  Error: The name is not activatable
[2025-07-02 16:17:34.074] [info]  Error: The name is not activatable
[2025-07-02 16:17:34.076] [error] SetAccessToken: storing encrypted access token in secure storage failed. Falling back to disk storage. Error: New Access token key unable to be retrieved from secure storage.
[2025-07-02 16:17:34.097] [info]  Error: The name is not activatable
[2025-07-02 16:17:34.103] [info]  Error: The name is not activatable
[2025-07-02 16:17:34.105] [error] SetRefreshToken: storing refresh token in secure storage failed. Falling back to disk storage. Error: Refresh token failed to save to secure storage.
[2025-07-02 16:17:34.949] [info]  Error: The name is not activatable
[2025-07-02 16:17:42.187] [info]  Error: The name is not activatable
[2025-07-02 16:17:42.190] [info]  Error: The name is not activatable
[2025-07-02 16:17:42.206] [info]  Error: The name is not activatable
[2025-07-02 16:17:42.227] [info]  Error: The name is not activatable
[2025-07-02 16:17:42.229] [info]  Error: The name is not activatable
[2025-07-02 16:17:42.232] [info]  Error: The name is not activatable
[2025-07-02 16:17:42.236] [info]  Error: The name is not activatable
[2025-07-02 16:17:42.242] [info]  Error: The name is not activatable
[2025-07-02 16:17:42.242] [info]  Error: The name is not activatable
[2025-07-02 16:17:42.658] [info]  Error: The name is not activatable
[2025-07-02 16:17:42.659] [info]  Error: The name is not activatable
[2025-07-02 16:17:42.666] [info]  Error: The name is not activatable
[2025-07-02 16:17:42.667] [info]  Error: The name is not activatable
[2025-07-02 16:17:42.672] [info]  Error: The name is not activatable
[2025-07-02 16:17:42.673] [info]  Error: The name is not activatable
[2025-07-02 16:17:42.674] [error] SetAccessToken: storing encrypted access token in secure storage failed. Falling back to disk storage. Error: New Access token key unable to be retrieved from secure storage.
[2025-07-02 16:17:42.675] [error] SetAccessToken: storing encrypted access token in secure storage failed. Falling back to disk storage. Error: New Access token key unable to be retrieved from secure storage.
[2025-07-02 16:17:42.695] [info]  Error: The name is not activatable
[2025-07-02 16:17:42.701] [info]  Error: The name is not activatable
[2025-07-02 16:17:42.701] [info]  Error: The name is not activatable
[2025-07-02 16:17:42.703] [error] SetRefreshToken: storing refresh token in secure storage failed. Falling back to disk storage. Error: Refresh token failed to save to secure storage.
[2025-07-02 16:17:42.710] [info]  Error: The name is not activatable
[2025-07-02 16:17:42.713] [error] SetRefreshToken: storing refresh token in secure storage failed. Falling back to disk storage. Error: Refresh token failed to save to secure storage.
[2025-07-02 16:17:43.522] [info]  Error: The name is not activatable
[2025-07-02 16:17:43.547] [info]  Error: The name is not activatable
[2025-07-02 16:17:43.563] [info]  Error: The name is not activatable
[2025-07-02 16:17:43.584] [info]  Error: The name is not activatable
[2025-07-02 16:17:43.600] [info]  Error: The name is not activatable
[2025-07-02 16:17:43.604] [info]  Error: The name is not activatable
[2025-07-02 16:17:43.609] [info]  Error: The name is not activatable
[2025-07-02 16:17:43.923] [info]  Error: The name is not activatable
[2025-07-02 16:17:43.929] [info]  Error: The name is not activatable
[2025-07-02 16:17:43.932] [info]  Error: The name is not activatable
[2025-07-02 16:17:43.937] [info]  Error: The name is not activatable
[2025-07-02 16:17:43.937] [info]  Error: The name is not activatable
[2025-07-02 16:17:43.939] [error] SetAccessToken: storing encrypted access token in secure storage failed. Falling back to disk storage. Error: New Access token key unable to be retrieved from secure storage.
[2025-07-02 16:17:43.954] [info]  Error: The name is not activatable
[2025-07-02 16:17:43.957] [error] SetAccessToken: storing encrypted access token in secure storage failed. Falling back to disk storage. Error: New Access token key unable to be retrieved from secure storage.
[2025-07-02 16:17:43.965] [info]  Error: The name is not activatable
[2025-07-02 16:17:43.970] [info]  Error: The name is not activatable
[2025-07-02 16:17:43.971] [info]  Error: The name is not activatable
[2025-07-02 16:17:43.972] [error] SetRefreshToken: storing refresh token in secure storage failed. Falling back to disk storage. Error: Refresh token failed to save to secure storage.
[2025-07-02 16:17:43.979] [info]  Error: The name is not activatable
[2025-07-02 16:17:43.980] [error] SetRefreshToken: storing refresh token in secure storage failed. Falling back to disk storage. Error: Refresh token failed to save to secure storage.
[2025-07-02 16:17:44.381] [info]  Self-host environment did not respond in time, emitting previous config.
[2025-07-02 16:17:44.382] [info]  Starting decryption using multithreading with 1 workers for 21 items
[2025-07-02 16:17:44.529] [info]  Finished decrypting 21 items using 1 workers
[2025-07-02 16:17:44.567] [info]  Finished search indexing
[2025-07-02 16:17:47.217] [warn]  Skipping sync wait, continuing to unlock.
